name,book_title,section_title
,,
,(مُقَدّمَة الْكتاب),
و+_صلى الله,(مُقَدّمَة الْكتاب),
آدم بن,(مُقَدّمَة الْكتاب),(حرف الْألف)
أحمد بن,(مُقَدّمَة الْكتاب),ذكر الأحمدين
أحمد و+_يدعى,(مُقَدّمَة الْكتاب),ذكر الأحمدين
أحمد ين,(مُقَدّمَة الْكتاب),ذكر الأحمدين
أحمد نور,(مُقَدّمَة الْكتاب),ذكر الأحمدين
أحمد الشهاب,(مُقَدّمَة الْكتاب),ذكر الأحمدين
أحمد علم,(مُقَدّمَة الْكتاب),ذكر الأحمدين
أحمد الفخر,(مُقَدّمَة الْكتاب),ذكر الأحمدين
أحمد أبو,(مُقَدّمَة الْكتاب),ذكر الأحمدين
أحمد ابن,(مُقَدّمَة الْكتاب),ذكر الأحمدين
أحمد المعروف,(مُقَدّمَة الْكتاب),ذكر الأحمدين
أحمد أخو,(مُقَدّمَة الْكتاب),ذكر الأحمدين
أحمد حلولو,(مُقَدّمَة الْكتاب),ذكر الأحمدين
أحمد ك+_مونة,(مُقَدّمَة الْكتاب),ذكر الأحمدين
أحمد الآثاري,(مُقَدّمَة الْكتاب),ذكر الأحمدين
أحمد البسيلي,(مُقَدّمَة الْكتاب),ذكر الأحمدين
أحمد الترابي,(مُقَدّمَة الْكتاب),ذكر الأحمدين
أحمد الترمذي,(مُقَدّمَة الْكتاب),ذكر الأحمدين
أحمد الحجافي,(مُقَدّمَة الْكتاب),ذكر الأحمدين
أحمد الجمالي,(مُقَدّمَة الْكتاب),ذكر الأحمدين
أحمد الحموي,(مُقَدّمَة الْكتاب),ذكر الأحمدين
أحمد الخالدي,(مُقَدّمَة الْكتاب),ذكر الأحمدين
أحمد الخواص,(مُقَدّمَة الْكتاب),ذكر الأحمدين
أحمد الدهماني,(مُقَدّمَة الْكتاب),ذكر الأحمدين
أحمد الدوادار,(مُقَدّمَة الْكتاب),ذكر الأحمدين
أحمد الدوري,(مُقَدّمَة الْكتاب),ذكر الأحمدين
أحمد السلاوى,(مُقَدّمَة الْكتاب),ذكر الأحمدين
أحمد السلوى,(مُقَدّمَة الْكتاب),ذكر الأحمدين
أحمد السنبلي,(مُقَدّمَة الْكتاب),ذكر الأحمدين
أحمد الشامي,(مُقَدّمَة الْكتاب),ذكر الأحمدين
أحمد الشربيني,(مُقَدّمَة الْكتاب),ذكر الأحمدين
أحمد الشماع,(مُقَدّمَة الْكتاب),ذكر الأحمدين
أحمد السيدي,(مُقَدّمَة الْكتاب),ذكر الأحمدين
أحمد صارو,(مُقَدّمَة الْكتاب),ذكر الأحمدين
أحمد الصامت,(مُقَدّمَة الْكتاب),ذكر الأحمدين
أحمد العداس,(مُقَدّمَة الْكتاب),ذكر الأحمدين
أحمد العقبى,(مُقَدّمَة الْكتاب),ذكر الأحمدين
أحمد العوكلي,(مُقَدّمَة الْكتاب),ذكر الأحمدين
أحمد العيني,(مُقَدّمَة الْكتاب),ذكر الأحمدين
أحمد الغمري,(مُقَدّمَة الْكتاب),ذكر الأحمدين
أحمد الفهمي,(مُقَدّمَة الْكتاب),ذكر الأحمدين
أحمد القرشي,(مُقَدّمَة الْكتاب),ذكر الأحمدين
أحمد القزويني,(مُقَدّمَة الْكتاب),ذكر الأحمدين
أحمد القسيطي,(مُقَدّمَة الْكتاب),ذكر الأحمدين
أحمد القصير,(مُقَدّمَة الْكتاب),ذكر الأحمدين
أحمد الNOAN,(مُقَدّمَة الْكتاب),ذكر الأحمدين
أحمد المرجرلدي,(مُقَدّمَة الْكتاب),ذكر الأحمدين
أحمد المزدعي,(مُقَدّمَة الْكتاب),ذكر الأحمدين
أحمد المشرقي,(مُقَدّمَة الْكتاب),ذكر الأحمدين
أحمد المعلقي,(مُقَدّمَة الْكتاب),ذكر الأحمدين
أحمد المغازي,(مُقَدّمَة الْكتاب),ذكر الأحمدين
أحمد المقدسي,(مُقَدّمَة الْكتاب),ذكر الأحمدين
أحمد الملوتشي,(مُقَدّمَة الْكتاب),ذكر الأحمدين
أحمد النخلي,(مُقَدّمَة الْكتاب),ذكر الأحمدين
أحمد الوراق,(مُقَدّمَة الْكتاب),ذكر الأحمدين
أحمد يبروق,(مُقَدّمَة الْكتاب),ذكر الأحمدين
أحمد ممن,(مُقَدّمَة الْكتاب),ذكر الأحمدين
إدريس بن,(مُقَدّمَة الْكتاب),(ذكر من اسْمه إِدْرِيس إِلَى انْتِهَاء حرف الْألف)
ادكى ب+_كسر,(مُقَدّمَة الْكتاب),(ذكر من اسْمه إِدْرِيس إِلَى انْتِهَاء حرف الْألف)
أرخن بك,(مُقَدّمَة الْكتاب),(ذكر من اسْمه إِدْرِيس إِلَى انْتِهَاء حرف الْألف)
اردبغا الظاهري,(مُقَدّمَة الْكتاب),(ذكر من اسْمه إِدْرِيس إِلَى انْتِهَاء حرف الْألف)
ارسطاي الظاهري,(مُقَدّمَة الْكتاب),(ذكر من اسْمه إِدْرِيس إِلَى انْتِهَاء حرف الْألف)
أرغون شاه,(مُقَدّمَة الْكتاب),(ذكر من اسْمه إِدْرِيس إِلَى انْتِهَاء حرف الْألف)
أرغون الناصري,(مُقَدّمَة الْكتاب),(ذكر من اسْمه إِدْرِيس إِلَى انْتِهَاء حرف الْألف)
أرغون السبعاوي,(مُقَدّمَة الْكتاب),(ذكر من اسْمه إِدْرِيس إِلَى انْتِهَاء حرف الْألف)
أرغون دوادار,(مُقَدّمَة الْكتاب),(ذكر من اسْمه إِدْرِيس إِلَى انْتِهَاء حرف الْألف)
اركماس من,(مُقَدّمَة الْكتاب),(ذكر من اسْمه إِدْرِيس إِلَى انْتِهَاء حرف الْألف)
اركماس الجاموس,(مُقَدّمَة الْكتاب),(ذكر من اسْمه إِدْرِيس إِلَى انْتِهَاء حرف الْألف)
اركماس الجلباني,(مُقَدّمَة الْكتاب),(ذكر من اسْمه إِدْرِيس إِلَى انْتِهَاء حرف الْألف)
اركماس الطويل,(مُقَدّمَة الْكتاب),(ذكر من اسْمه إِدْرِيس إِلَى انْتِهَاء حرف الْألف)
اركماس الظاهري,(مُقَدّمَة الْكتاب),(ذكر من اسْمه إِدْرِيس إِلَى انْتِهَاء حرف الْألف)
اركماس النوروزي,(مُقَدّمَة الْكتاب),(ذكر من اسْمه إِدْرِيس إِلَى انْتِهَاء حرف الْألف)
اركماس دوادار,(مُقَدّمَة الْكتاب),(ذكر من اسْمه إِدْرِيس إِلَى انْتِهَاء حرف الْألف)
ارنبغا ب+_ضم,(مُقَدّمَة الْكتاب),(ذكر من اسْمه إِدْرِيس إِلَى انْتِهَاء حرف الْألف)
ارنبغا الظاهري,(مُقَدّمَة الْكتاب),(ذكر من اسْمه إِدْرِيس إِلَى انْتِهَاء حرف الْألف)
ارنبغا اليونسي,(مُقَدّمَة الْكتاب),(ذكر من اسْمه إِدْرِيس إِلَى انْتِهَاء حرف الْألف)
أزبك جحا,(مُقَدّمَة الْكتاب),(ذكر من اسْمه إِدْرِيس إِلَى انْتِهَاء حرف الْألف)
أزبك من,(مُقَدّمَة الْكتاب),(ذكر من اسْمه إِدْرِيس إِلَى انْتِهَاء حرف الْألف)
أزبك الأشقر,(مُقَدّمَة الْكتاب),(ذكر من اسْمه إِدْرِيس إِلَى انْتِهَاء حرف الْألف)
أزبك اليوسفي,(مُقَدّمَة الْكتاب),(ذكر من اسْمه إِدْرِيس إِلَى انْتِهَاء حرف الْألف)
أزبك الدوادار,(مُقَدّمَة الْكتاب),(ذكر من اسْمه إِدْرِيس إِلَى انْتِهَاء حرف الْألف)
أزبك السمسماني,(مُقَدّمَة الْكتاب),(ذكر من اسْمه إِدْرِيس إِلَى انْتِهَاء حرف الْألف)
أزبك الظاهري,(مُقَدّمَة الْكتاب),(ذكر من اسْمه إِدْرِيس إِلَى انْتِهَاء حرف الْألف)
أزبك القاضي,(مُقَدّمَة الْكتاب),(ذكر من اسْمه إِدْرِيس إِلَى انْتِهَاء حرف الْألف)
أزبك الأشرف,(مُقَدّمَة الْكتاب),(ذكر من اسْمه إِدْرِيس إِلَى انْتِهَاء حرف الْألف)
ازدمر الإبراهيمي,(مُقَدّمَة الْكتاب),(ذكر من اسْمه إِدْرِيس إِلَى انْتِهَاء حرف الْألف)
ازدمر أخو,(مُقَدّمَة الْكتاب),(ذكر من اسْمه إِدْرِيس إِلَى انْتِهَاء حرف الْألف)
ازدمر الأزبكي,(مُقَدّمَة الْكتاب),(ذكر من اسْمه إِدْرِيس إِلَى انْتِهَاء حرف الْألف)
ازدمر تمساح,(مُقَدّمَة الْكتاب),(ذكر من اسْمه إِدْرِيس إِلَى انْتِهَاء حرف الْألف)
ازدمر من,(مُقَدّمَة الْكتاب),(ذكر من اسْمه إِدْرِيس إِلَى انْتِهَاء حرف الْألف)
ازدمر دوادار,(مُقَدّمَة الْكتاب),(ذكر من اسْمه إِدْرِيس إِلَى انْتِهَاء حرف الْألف)
ازدمر سيدي,(مُقَدّمَة الْكتاب),(ذكر من اسْمه إِدْرِيس إِلَى انْتِهَاء حرف الْألف)
ازدمر الصوفي,(مُقَدّمَة الْكتاب),(ذكر من اسْمه إِدْرِيس إِلَى انْتِهَاء حرف الْألف)
ازدمر الظاهري,(مُقَدّمَة الْكتاب),(ذكر من اسْمه إِدْرِيس إِلَى انْتِهَاء حرف الْألف)
ازدمر المزي,(مُقَدّمَة الْكتاب),(ذكر من اسْمه إِدْرِيس إِلَى انْتِهَاء حرف الْألف)
ازدمر قصبة,(مُقَدّمَة الْكتاب),(ذكر من اسْمه إِدْرِيس إِلَى انْتِهَاء حرف الْألف)
ازدمر الناصري,(مُقَدّمَة الْكتاب),(ذكر من اسْمه إِدْرِيس إِلَى انْتِهَاء حرف الْألف)
إسحق بن,(مُقَدّمَة الْكتاب),(ذكر من اسْمه إِدْرِيس إِلَى انْتِهَاء حرف الْألف)
إسحاق بن,(مُقَدّمَة الْكتاب),(ذكر من اسْمه إِدْرِيس إِلَى انْتِهَاء حرف الْألف)
أسد الله,(مُقَدّمَة الْكتاب),(ذكر من اسْمه إِدْرِيس إِلَى انْتِهَاء حرف الْألف)
أسد بن,(مُقَدّمَة الْكتاب),(ذكر من اسْمه إِدْرِيس إِلَى انْتِهَاء حرف الْألف)
أسعد بن,(مُقَدّمَة الْكتاب),(ذكر من اسْمه إِدْرِيس إِلَى انْتِهَاء حرف الْألف)
إسكندر شاه,(مُقَدّمَة الْكتاب),(ذكر من اسْمه إِدْرِيس إِلَى انْتِهَاء حرف الْألف)
إسكندر بن,(مُقَدّمَة الْكتاب),(ذكر من اسْمه إِدْرِيس إِلَى انْتِهَاء حرف الْألف)
إسكندر دلال,(مُقَدّمَة الْكتاب),(ذكر من اسْمه إِدْرِيس إِلَى انْتِهَاء حرف الْألف)
إسماعيل بن,(مُقَدّمَة الْكتاب),(ذكر من اسْمه إِدْرِيس إِلَى انْتِهَاء حرف الْألف)
اسمعيل بن,(مُقَدّمَة الْكتاب),(ذكر من اسْمه إِدْرِيس إِلَى انْتِهَاء حرف الْألف)
إسماعيل من,(مُقَدّمَة الْكتاب),(ذكر من اسْمه إِدْرِيس إِلَى انْتِهَاء حرف الْألف)
إسماعيل العماد,(مُقَدّمَة الْكتاب),(ذكر من اسْمه إِدْرِيس إِلَى انْتِهَاء حرف الْألف)
إسماعيل المجد,(مُقَدّمَة الْكتاب),(ذكر من اسْمه إِدْرِيس إِلَى انْتِهَاء حرف الْألف)
إسماعيل البهلول,(مُقَدّمَة الْكتاب),(ذكر من اسْمه إِدْرِيس إِلَى انْتِهَاء حرف الْألف)
إسماعيل الرومي,(مُقَدّمَة الْكتاب),(ذكر من اسْمه إِدْرِيس إِلَى انْتِهَاء حرف الْألف)
إسماعيل المغربي,(مُقَدّمَة الْكتاب),(ذكر من اسْمه إِدْرِيس إِلَى انْتِهَاء حرف الْألف)
إسماعيل المهانمي,(مُقَدّمَة الْكتاب),(ذكر من اسْمه إِدْرِيس إِلَى انْتِهَاء حرف الْألف)
إسماعيل المقرئ,(مُقَدّمَة الْكتاب),(ذكر من اسْمه إِدْرِيس إِلَى انْتِهَاء حرف الْألف)
إسماعيل أخو,(مُقَدّمَة الْكتاب),(ذكر من اسْمه إِدْرِيس إِلَى انْتِهَاء حرف الْألف)
إسماعيل أحد,(مُقَدّمَة الْكتاب),(ذكر من اسْمه إِدْرِيس إِلَى انْتِهَاء حرف الْألف)
اسنباي التركماني,(مُقَدّمَة الْكتاب),(ذكر من اسْمه إِدْرِيس إِلَى انْتِهَاء حرف الْألف)
اسنباي الظاهري,(مُقَدّمَة الْكتاب),(ذكر من اسْمه إِدْرِيس إِلَى انْتِهَاء حرف الْألف)
اسنباي الظاهر,(مُقَدّمَة الْكتاب),(ذكر من اسْمه إِدْرِيس إِلَى انْتِهَاء حرف الْألف)
اسنباي اميراخور,(مُقَدّمَة الْكتاب),(ذكر من اسْمه إِدْرِيس إِلَى انْتِهَاء حرف الْألف)
اسنبغا الناجي,(مُقَدّمَة الْكتاب),(ذكر من اسْمه إِدْرِيس إِلَى انْتِهَاء حرف الْألف)
اسنبغا الناصري,(مُقَدّمَة الْكتاب),(ذكر من اسْمه إِدْرِيس إِلَى انْتِهَاء حرف الْألف)
اسنبغا الزردكاش,(مُقَدّمَة الْكتاب),(ذكر من اسْمه إِدْرِيس إِلَى انْتِهَاء حرف الْألف)
اسنبغا العلائي,(مُقَدّمَة الْكتاب),(ذكر من اسْمه إِدْرِيس إِلَى انْتِهَاء حرف الْألف)
اسندمر الجقمقي,(مُقَدّمَة الْكتاب),(ذكر من اسْمه إِدْرِيس إِلَى انْتِهَاء حرف الْألف)
اسندمر النوري,(مُقَدّمَة الْكتاب),(ذكر من اسْمه إِدْرِيس إِلَى انْتِهَاء حرف الْألف)
أشرف بن,(مُقَدّمَة الْكتاب),(ذكر من اسْمه إِدْرِيس إِلَى انْتِهَاء حرف الْألف)
اصبهان شاه,(مُقَدّمَة الْكتاب),(ذكر من اسْمه إِدْرِيس إِلَى انْتِهَاء حرف الْألف)
أصلان بن,(مُقَدّمَة الْكتاب),(ذكر من اسْمه إِدْرِيس إِلَى انْتِهَاء حرف الْألف)
أعظم شاه,(مُقَدّمَة الْكتاب),(ذكر من اسْمه إِدْرِيس إِلَى انْتِهَاء حرف الْألف)
اقباي بن,(مُقَدّمَة الْكتاب),(ذكر من اسْمه إِدْرِيس إِلَى انْتِهَاء حرف الْألف)
اقباي الاشرفي,(مُقَدّمَة الْكتاب),(ذكر من اسْمه إِدْرِيس إِلَى انْتِهَاء حرف الْألف)
اقباي الظاهري,(مُقَدّمَة الْكتاب),(ذكر من اسْمه إِدْرِيس إِلَى انْتِهَاء حرف الْألف)
اقباي الكركي,(مُقَدّمَة الْكتاب),(ذكر من اسْمه إِدْرِيس إِلَى انْتِهَاء حرف الْألف)
اقباي المؤيدي,(مُقَدّمَة الْكتاب),(ذكر من اسْمه إِدْرِيس إِلَى انْتِهَاء حرف الْألف)
اقباي اليشبكي,(مُقَدّمَة الْكتاب),(ذكر من اسْمه إِدْرِيس إِلَى انْتِهَاء حرف الْألف)
اقبردي الاشرفي,(مُقَدّمَة الْكتاب),(ذكر من اسْمه إِدْرِيس إِلَى انْتِهَاء حرف الْألف)
اقبردي التماسيحي,(مُقَدّمَة الْكتاب),(ذكر من اسْمه إِدْرِيس إِلَى انْتِهَاء حرف الْألف)
اقبردي الساقي,(مُقَدّمَة الْكتاب),(ذكر من اسْمه إِدْرِيس إِلَى انْتِهَاء حرف الْألف)
اقبدي القجماسي,(مُقَدّمَة الْكتاب),(ذكر من اسْمه إِدْرِيس إِلَى انْتِهَاء حرف الْألف)
اقبردي المظفري,(مُقَدّمَة الْكتاب),(ذكر من اسْمه إِدْرِيس إِلَى انْتِهَاء حرف الْألف)
اقبردي منتو,(مُقَدّمَة الْكتاب),(ذكر من اسْمه إِدْرِيس إِلَى انْتِهَاء حرف الْألف)
اقبردي المؤيدي,(مُقَدّمَة الْكتاب),(ذكر من اسْمه إِدْرِيس إِلَى انْتِهَاء حرف الْألف)
اقبغا من,(مُقَدّمَة الْكتاب),(ذكر من اسْمه إِدْرِيس إِلَى انْتِهَاء حرف الْألف)
اقبغا سيف,(مُقَدّمَة الْكتاب),(ذكر من اسْمه إِدْرِيس إِلَى انْتِهَاء حرف الْألف)
اقبغا العلاء,(مُقَدّمَة الْكتاب),(ذكر من اسْمه إِدْرِيس إِلَى انْتِهَاء حرف الْألف)
اقبغا الجمالي,(مُقَدّمَة الْكتاب),(ذكر من اسْمه إِدْرِيس إِلَى انْتِهَاء حرف الْألف)
اقبغا الجندي,(مُقَدّمَة الْكتاب),(ذكر من اسْمه إِدْرِيس إِلَى انْتِهَاء حرف الْألف)
اقبعا شيطان,(مُقَدّمَة الْكتاب),(ذكر من اسْمه إِدْرِيس إِلَى انْتِهَاء حرف الْألف)
اقبغا الطولوني,(مُقَدّمَة الْكتاب),(ذكر من اسْمه إِدْرِيس إِلَى انْتِهَاء حرف الْألف)
اقبغا الفيل,(مُقَدّمَة الْكتاب),(ذكر من اسْمه إِدْرِيس إِلَى انْتِهَاء حرف الْألف)
اقبغا القديدي,(مُقَدّمَة الْكتاب),(ذكر من اسْمه إِدْرِيس إِلَى انْتِهَاء حرف الْألف)
أق بلاط,(مُقَدّمَة الْكتاب),(ذكر من اسْمه إِدْرِيس إِلَى انْتِهَاء حرف الْألف)
أق خجا,(مُقَدّمَة الْكتاب),(ذكر من اسْمه إِدْرِيس إِلَى انْتِهَاء حرف الْألف)
أق س+_نقر,(مُقَدّمَة الْكتاب),(ذكر من اسْمه إِدْرِيس إِلَى انْتِهَاء حرف الْألف)
اقطوه الموساوي,(مُقَدّمَة الْكتاب),(ذكر من اسْمه إِدْرِيس إِلَى انْتِهَاء حرف الْألف)
اقفجا أمير,(مُقَدّمَة الْكتاب),(ذكر من اسْمه إِدْرِيس إِلَى انْتِهَاء حرف الْألف)
التش الشعباني,(مُقَدّمَة الْكتاب),(ذكر من اسْمه إِدْرِيس إِلَى انْتِهَاء حرف الْألف)
الطنبغا سيف,(مُقَدّمَة الْكتاب),(ذكر من اسْمه إِدْرِيس إِلَى انْتِهَاء حرف الْألف)
الطنبغا العلاء,(مُقَدّمَة الْكتاب),(ذكر من اسْمه إِدْرِيس إِلَى انْتِهَاء حرف الْألف)
الطنبغا التركي,(مُقَدّمَة الْكتاب),(ذكر من اسْمه إِدْرِيس إِلَى انْتِهَاء حرف الْألف)
الطنبغا من,(مُقَدّمَة الْكتاب),(ذكر من اسْمه إِدْرِيس إِلَى انْتِهَاء حرف الْألف)
الطنبغا شادي,(مُقَدّمَة الْكتاب),(ذكر من اسْمه إِدْرِيس إِلَى انْتِهَاء حرف الْألف)
الطنبغا سقل,(مُقَدّمَة الْكتاب),(ذكر من اسْمه إِدْرِيس إِلَى انْتِهَاء حرف الْألف)
الطنبغا الظاهري,(مُقَدّمَة الْكتاب),(ذكر من اسْمه إِدْرِيس إِلَى انْتِهَاء حرف الْألف)
الطنبغا العثماني,(مُقَدّمَة الْكتاب),(ذكر من اسْمه إِدْرِيس إِلَى انْتِهَاء حرف الْألف)
الطنبغا أمير,(مُقَدّمَة الْكتاب),(ذكر من اسْمه إِدْرِيس إِلَى انْتِهَاء حرف الْألف)
ألغي برص,(مُقَدّمَة الْكتاب),(ذكر من اسْمه إِدْرِيس إِلَى انْتِهَاء حرف الْألف)
الماس الاشرفي,(مُقَدّمَة الْكتاب),(ذكر من اسْمه إِدْرِيس إِلَى انْتِهَاء حرف الْألف)
الماس العلائي,(مُقَدّمَة الْكتاب),(ذكر من اسْمه إِدْرِيس إِلَى انْتِهَاء حرف الْألف)
إلياس الكركي,(مُقَدّمَة الْكتاب),(ذكر من اسْمه إِدْرِيس إِلَى انْتِهَاء حرف الْألف)
إلياس الهندي,(مُقَدّمَة الْكتاب),(ذكر من اسْمه إِدْرِيس إِلَى انْتِهَاء حرف الْألف)
أحمان و+_سماه,(مُقَدّمَة الْكتاب),(ذكر من اسْمه إِدْرِيس إِلَى انْتِهَاء حرف الْألف)
أميران شاه,(مُقَدّمَة الْكتاب),(ذكر من اسْمه إِدْرِيس إِلَى انْتِهَاء حرف الْألف)
أمير جان,(مُقَدّمَة الْكتاب),(ذكر من اسْمه إِدْرِيس إِلَى انْتِهَاء حرف الْألف)
أمير حاج,(مُقَدّمَة الْكتاب),(ذكر من اسْمه إِدْرِيس إِلَى انْتِهَاء حرف الْألف)
أمير زاه,(مُقَدّمَة الْكتاب),(ذكر من اسْمه إِدْرِيس إِلَى انْتِهَاء حرف الْألف)
أمين بن,(مُقَدّمَة الْكتاب),(ذكر من اسْمه إِدْرِيس إِلَى انْتِهَاء حرف الْألف)
أنس بن,(مُقَدّمَة الْكتاب),(ذكر من اسْمه إِدْرِيس إِلَى انْتِهَاء حرف الْألف)
اويس بن,(مُقَدّمَة الْكتاب),(ذكر من اسْمه إِدْرِيس إِلَى انْتِهَاء حرف الْألف)
إياس الجلالي,(مُقَدّمَة الْكتاب),(ذكر من اسْمه إِدْرِيس إِلَى انْتِهَاء حرف الْألف)
ايتمش من,(مُقَدّمَة الْكتاب),(ذكر من اسْمه إِدْرِيس إِلَى انْتِهَاء حرف الْألف)
ايتمش البحاسي,(مُقَدّمَة الْكتاب),(ذكر من اسْمه إِدْرِيس إِلَى انْتِهَاء حرف الْألف)
ايتمش الخضري,(مُقَدّمَة الْكتاب),(ذكر من اسْمه إِدْرِيس إِلَى انْتِهَاء حرف الْألف)
ايدكو ملك,(مُقَدّمَة الْكتاب),(ذكر من اسْمه إِدْرِيس إِلَى انْتِهَاء حرف الْألف)
ايدكي الجاركسي,(مُقَدّمَة الْكتاب),(ذكر من اسْمه إِدْرِيس إِلَى انْتِهَاء حرف الْألف)
ايدكي الظاهر,(مُقَدّمَة الْكتاب),(ذكر من اسْمه إِدْرِيس إِلَى انْتِهَاء حرف الْألف)
أيدن الخشقدمي,(مُقَدّمَة الْكتاب),(ذكر من اسْمه إِدْرِيس إِلَى انْتِهَاء حرف الْألف)
اينال ب+_أي,(مُقَدّمَة الْكتاب),(ذكر من اسْمه إِدْرِيس إِلَى انْتِهَاء حرف الْألف)
اينال حطب,(مُقَدّمَة الْكتاب),(ذكر من اسْمه إِدْرِيس إِلَى انْتِهَاء حرف الْألف)
اينال شيخ,(مُقَدّمَة الْكتاب),(ذكر من اسْمه إِدْرِيس إِلَى انْتِهَاء حرف الْألف)
اينال الاجرود,(مُقَدّمَة الْكتاب),(ذكر من اسْمه إِدْرِيس إِلَى انْتِهَاء حرف الْألف)
اينال الأحمدي,(مُقَدّمَة الْكتاب),(ذكر من اسْمه إِدْرِيس إِلَى انْتِهَاء حرف الْألف)
اينال الاشرفي,(مُقَدّمَة الْكتاب),(ذكر من اسْمه إِدْرِيس إِلَى انْتِهَاء حرف الْألف)
اينال الحكمي,(مُقَدّمَة الْكتاب),(ذكر من اسْمه إِدْرِيس إِلَى انْتِهَاء حرف الْألف)
اينال الجلالي,(مُقَدّمَة الْكتاب),(ذكر من اسْمه إِدْرِيس إِلَى انْتِهَاء حرف الْألف)
اينال الحسنى,(مُقَدّمَة الْكتاب),(ذكر من اسْمه إِدْرِيس إِلَى انْتِهَاء حرف الْألف)
اينال الخصيف,(مُقَدّمَة الْكتاب),(ذكر من اسْمه إِدْرِيس إِلَى انْتِهَاء حرف الْألف)
اينال الششماني,(مُقَدّمَة الْكتاب),(ذكر من اسْمه إِدْرِيس إِلَى انْتِهَاء حرف الْألف)
اينال الصصلاي,(مُقَدّمَة الْكتاب),(ذكر من اسْمه إِدْرِيس إِلَى انْتِهَاء حرف الْألف)
اينال العلائي,(مُقَدّمَة الْكتاب),(ذكر من اسْمه إِدْرِيس إِلَى انْتِهَاء حرف الْألف)
اينال الغرسي,(مُقَدّمَة الْكتاب),(ذكر من اسْمه إِدْرِيس إِلَى انْتِهَاء حرف الْألف)
اينال اكركي,(مُقَدّمَة الْكتاب),(ذكر من اسْمه إِدْرِيس إِلَى انْتِهَاء حرف الْألف)
اينال النوروزي,(مُقَدّمَة الْكتاب),(ذكر من اسْمه إِدْرِيس إِلَى انْتِهَاء حرف الْألف)
اينال اليحياوي,(مُقَدّمَة الْكتاب),(ذكر من اسْمه إِدْرِيس إِلَى انْتِهَاء حرف الْألف)
اينال اليشبكي,(مُقَدّمَة الْكتاب),(ذكر من اسْمه إِدْرِيس إِلَى انْتِهَاء حرف الْألف)
اينال معتقد,(مُقَدّمَة الْكتاب),(ذكر من اسْمه إِدْرِيس إِلَى انْتِهَاء حرف الْألف)
أيوب بن,(مُقَدّمَة الْكتاب),(ذكر من اسْمه إِدْرِيس إِلَى انْتِهَاء حرف الْألف)
أيوب اليماني,(مُقَدّمَة الْكتاب),(ذكر من اسْمه إِدْرِيس إِلَى انْتِهَاء حرف الْألف)
الثاني و+_يليه, الْجُزْء ,(ذكر من اسْمه إِدْرِيس إِلَى انْتِهَاء حرف الْألف)
, الْجُزْء ,(المجلد الثَّانِي)
,(الْجُزْء الثَّالِث),(المجلد الثَّانِي)
ب+_أبي س+_نقر,(الْجُزْء الثَّالِث),(حرف الْبَاء الْمُوَحدَة)
بدر بن,(الْجُزْء الثَّالِث),(من اسْمه بدر)
بردبك ٱثني,(الْجُزْء الثَّالِث),(من اسْمه بردبك)
بردبك طرخان,(الْجُزْء الثَّالِث),(من اسْمه بردبك)
بردبك الظاهري,(الْجُزْء الثَّالِث),(من اسْمه بردبك)
بردبك العجمي,(الْجُزْء الثَّالِث),(من اسْمه بردبك)
بردبك المحمدي,(الْجُزْء الثَّالِث),(من اسْمه بردبك)
برسباي بن,(الْجُزْء الثَّالِث),(من اسْمه برسباي)
برسباي الاشرفي,(الْجُزْء الثَّالِث),(من اسْمه برسباي)
برسباي البجاسي,(الْجُزْء الثَّالِث),(من اسْمه برسباي)
برسباي البواب,(الْجُزْء الثَّالِث),(من اسْمه برسباي)
برسباي التنمي,(الْجُزْء الثَّالِث),(من اسْمه برسباي)
برسباي الخازندار,(الْجُزْء الثَّالِث),(من اسْمه برسباي)
برسباي الدقماقي,(الْجُزْء الثَّالِث),(من اسْمه برسباي)
برسباي الشرفي,(الْجُزْء الثَّالِث),(من اسْمه برسباي)
برسباي قرآ,(الْجُزْء الثَّالِث),(من اسْمه برسباي)
برسباي كجي,(الْجُزْء الثَّالِث),(من اسْمه برسباي)
برسباي المحمودي,(الْجُزْء الثَّالِث),(من اسْمه برسباي)
برسباي المؤيدي,(الْجُزْء الثَّالِث),(من اسْمه برسباي)
برسباي نابش,(الْجُزْء الثَّالِث),(من اسْمه برسباي)
برسبغا الجلباني,(الْجُزْء الثَّالِث),(من اسْمه برسباي)
برصيغا أحد,(الْجُزْء الثَّالِث),(من اسْمه برسباي)
برعوث بن,(الْجُزْء الثَّالِث),(من اسْمه برسباي)
ب+_رقوق بن,(الْجُزْء الثَّالِث),(من اسْمه برسباي)
ب+_رقوق الظاهري,(الْجُزْء الثَّالِث),(من اسْمه برسباي)
بركات بن,(الْجُزْء الثَّالِث),(من اسْمه بَرَكَات)
بركات ابن,(الْجُزْء الثَّالِث),(من اسْمه بَرَكَات)
بركوت شهاب,(الْجُزْء الثَّالِث),(من اسْمه بَرَكَات)
برند قيل,(الْجُزْء الثَّالِث),(من اسْمه بَرَكَات)
برهان بن,(الْجُزْء الثَّالِث),(من اسْمه بَرَكَات)
برهة بن,(الْجُزْء الثَّالِث),(من اسْمه بَرَكَات)
بساط بن,(الْجُزْء الثَّالِث),(من اسْمه بَرَكَات)
ب+_سطام العجمي,(الْجُزْء الثَّالِث),(من اسْمه بَرَكَات)
ب+_شباي رأس,(الْجُزْء الثَّالِث),(من اسْمه بَرَكَات)
بشير الحبشي,(الْجُزْء الثَّالِث),(من اسْمه بَرَكَات)
بشير سعد,(الْجُزْء الثَّالِث),(من اسْمه بَرَكَات)
بطان الوتاد,(الْجُزْء الثَّالِث),(من اسْمه بَرَكَات)
بطيخ بن,(الْجُزْء الثَّالِث),(من اسْمه بَرَكَات)
بغا الحسنى,(الْجُزْء الثَّالِث),(من اسْمه بَرَكَات)
بقر بن,(الْجُزْء الثَّالِث),(من اسْمه بَرَكَات)
بك بلاط,(الْجُزْء الثَّالِث),(من اسْمه بَرَكَات)
بكتمر بن,(الْجُزْء الثَّالِث),(من اسْمه بَرَكَات)
بكتمر جلق,(الْجُزْء الثَّالِث),(من اسْمه بَرَكَات)
بكلمش بن,(الْجُزْء الثَّالِث),(من اسْمه بَرَكَات)
بكلمش العلائي,(الْجُزْء الثَّالِث),(من اسْمه بَرَكَات)
بكير شيخ,(الْجُزْء الثَّالِث),(من اسْمه بَرَكَات)
بلاط بن,(الْجُزْء الثَّالِث),(من اسْمه بَرَكَات)
بلاط السعدي,(الْجُزْء الثَّالِث),(من اسْمه بَرَكَات)
بلاط أحد,(الْجُزْء الثَّالِث),(من اسْمه بَرَكَات)
بلال الحبشي,(الْجُزْء الثَّالِث),(من اسْمه بَرَكَات)
بلال فتى,(الْجُزْء الثَّالِث),(من اسْمه بَرَكَات)
بلال السروي,(الْجُزْء الثَّالِث),(من اسْمه بَرَكَات)
بلال رجل,(الْجُزْء الثَّالِث),(من اسْمه بَرَكَات)
ب+_لبان الزيني,(الْجُزْء الثَّالِث),(من اسْمه بَرَكَات)
ب+_لبان الدمرداشي,(الْجُزْء الثَّالِث),(من اسْمه بَرَكَات)
ب+_لبان المحمودي,(الْجُزْء الثَّالِث),(من اسْمه بَرَكَات)
ب+_هادر بن,(الْجُزْء الثَّالِث),(من اسْمه بَرَكَات)
ب+_هادر العثماني,(الْجُزْء الثَّالِث),(من اسْمه بَرَكَات)
بهرام بن,(الْجُزْء الثَّالِث),(من اسْمه بَرَكَات)
بولاد العجمي,(الْجُزْء الثَّالِث),(من اسْمه بَرَكَات)
بيان بن,(الْجُزْء الثَّالِث),(من اسْمه بَرَكَات)
بيبرس بن,(الْجُزْء الثَّالِث),(من اسْمه بَرَكَات)
بيبرس ابن,(الْجُزْء الثَّالِث),(من اسْمه بَرَكَات)
بيبرس الاشرفي,(الْجُزْء الثَّالِث),(من اسْمه بَرَكَات)
بيبرس الطويل,(الْجُزْء الثَّالِث),(من اسْمه بَرَكَات)
بيبغا المظفري,(الْجُزْء الثَّالِث),(من اسْمه بَرَكَات)
بيدمر الحاجب,(الْجُزْء الثَّالِث),(من اسْمه بَرَكَات)
بيرم خجا,(الْجُزْء الثَّالِث),(من اسْمه بَرَكَات)
بيرم التركي,(الْجُزْء الثَّالِث),(من اسْمه بَرَكَات)
بير أحمد,(الْجُزْء الثَّالِث),(من اسْمه بَرَكَات)
بير بضع,(الْجُزْء الثَّالِث),(من اسْمه بَرَكَات)
بير محمد,(الْجُزْء الثَّالِث),(من اسْمه بَرَكَات)
بيسق الشيخي,(الْجُزْء الثَّالِث),(من اسْمه بَرَكَات)
بيسق اليشبكي,(الْجُزْء الثَّالِث),(من اسْمه بَرَكَات)
بيغوت من,(الْجُزْء الثَّالِث),(من اسْمه بَرَكَات)
بيغوت السيفي,(الْجُزْء الثَّالِث),(من اسْمه بَرَكَات)
بيغوت قرآ,(الْجُزْء الثَّالِث),(من اسْمه بَرَكَات)
بيغوت اليحياوي,(الْجُزْء الثَّالِث),(من اسْمه بَرَكَات)
بيغوت الأمير,(الْجُزْء الثَّالِث),(من اسْمه بَرَكَات)
تاج بن,(الْجُزْء الثَّالِث),(حرف التَّاء الْمُثَنَّاة)
تأني بك,(الْجُزْء الثَّالِث),(حرف التَّاء الْمُثَنَّاة)
تبل بن,(الْجُزْء الثَّالِث),(حرف التَّاء الْمُثَنَّاة)
تغري ب+_ردي,(الْجُزْء الثَّالِث),(من اسْمه تغري بردى)
تغري ب+_رمش,(الْجُزْء الثَّالِث),(من اسْمه تغري بردى)
تغري و+_رمش,(الْجُزْء الثَّالِث),(من اسْمه تغري بردى)
تقي بن,(الْجُزْء الثَّالِث),(من اسْمه تغري بردى)
تمراز البكتمري,(الْجُزْء الثَّالِث),(من اسْمه تغري بردى)
تمراز الاينالي,(الْجُزْء الثَّالِث),(من اسْمه تغري بردى)
تمراز الجركسي,(الْجُزْء الثَّالِث),(من اسْمه تغري بردى)
تمراز الشمسي,(الْجُزْء الثَّالِث),(من اسْمه تغري بردى)
تمراز القرمشي,(الْجُزْء الثَّالِث),(من اسْمه تغري بردى)
تمراز المؤيدي,(الْجُزْء الثَّالِث),(من اسْمه تغري بردى)
تمراز الناصري,(الْجُزْء الثَّالِث),(من اسْمه تغري بردى)
تمراز النوروزي,(الْجُزْء الثَّالِث),(من اسْمه تغري بردى)
تمراز من,(الْجُزْء الثَّالِث),(من اسْمه تغري بردى)
تمرباي الاشرفي,(الْجُزْء الثَّالِث),(من اسْمه تغري بردى)
تمرباي التمرازي,(الْجُزْء الثَّالِث),(من اسْمه تغري بردى)
تمرباي التمر,(الْجُزْء الثَّالِث),(من اسْمه تغري بردى)
تمرباي السيفي,(الْجُزْء الثَّالِث),(من اسْمه تغري بردى)
تمرباي الظاهري,(الْجُزْء الثَّالِث),(من اسْمه تغري بردى)
تمرباي أحد,(الْجُزْء الثَّالِث),(من اسْمه تغري بردى)
تمربغا الحافظي,(الْجُزْء الثَّالِث),(من اسْمه تغري بردى)
تمربغا الظاهر,(الْجُزْء الثَّالِث),(من اسْمه تغري بردى)
تمربغا القجاوي,(الْجُزْء الثَّالِث),(من اسْمه تغري بردى)
تمربغا الNOAN,(الْجُزْء الثَّالِث),(من اسْمه تغري بردى)
تمربغا النحراري,(الْجُزْء الثَّالِث),(من اسْمه تغري بردى)
تمر من,(الْجُزْء الثَّالِث),(من اسْمه تغري بردى)
تنبك الاشرفي,(الْجُزْء الثَّالِث),(من اسْمه تغري بردى)
تنبك البردبكي,(الْجُزْء الثَّالِث),(من اسْمه تغري بردى)
تنبك الجانبكي,(الْجُزْء الثَّالِث),(من اسْمه تغري بردى)
تنبك الجمالي,(الْجُزْء الثَّالِث),(من اسْمه تغري بردى)
تنبك الطولوني,(الْجُزْء الثَّالِث),(من اسْمه تغري بردى)
تنبك قرآ,(الْجُزْء الثَّالِث),(من اسْمه تغري بردى)
تنبك المحمودي,(الْجُزْء الثَّالِث),(من اسْمه تغري بردى)
تنبك الناصري,(الْجُزْء الثَّالِث),(من اسْمه تغري بردى)
تنبك أمير,(الْجُزْء الثَّالِث),(من اسْمه تغري بردى)
تنم من,(الْجُزْء الثَّالِث),(من اسْمه تغري بردى)
تنم سيف,(الْجُزْء الثَّالِث),(من اسْمه تغري بردى)
تنم الأبو,(الْجُزْء الثَّالِث),(من اسْمه تغري بردى)
تنم الاشرفي,(الْجُزْء الثَّالِث),(من اسْمه تغري بردى)
تنم الحسنى,(الْجُزْء الثَّالِث),(من اسْمه تغري بردى)
تنم الفقيه,(الْجُزْء الثَّالِث),(من اسْمه تغري بردى)
تنم المحمدي,(الْجُزْء الثَّالِث),(من اسْمه تغري بردى)
تنم المؤيدي,(الْجُزْء الثَّالِث),(من اسْمه تغري بردى)
تنم و+_سمى,(الْجُزْء الثَّالِث),(من اسْمه تغري بردى)
توران شاه,(الْجُزْء الثَّالِث),(من اسْمه تغري بردى)
تيمور و+_هو,(الْجُزْء الثَّالِث),(من اسْمه تغري بردى)
ثابت بن,(الْجُزْء الثَّالِث),(حرف الثَّاء الْمُثَلَّثَة)
ثامر مجذوب,(الْجُزْء الثَّالِث),(حرف الثَّاء الْمُثَلَّثَة)
ثقبه بن,(الْجُزْء الثَّالِث),(حرف الثَّاء الْمُثَلَّثَة)
جاء الخبر,(الْجُزْء الثَّالِث),(حرف الْجِيم)
جابر بن,(الْجُزْء الثَّالِث),(حرف الْجِيم)
جارقطلي و+_هو,(الْجُزْء الثَّالِث),(حرف الْجِيم)
جار الله,(الْجُزْء الثَّالِث),(حرف الْجِيم)
جانباي الاشرفي,(الْجُزْء الثَّالِث),(حرف الْجِيم)
جانبك بن,(الْجُزْء الثَّالِث),(حرف الْجِيم)
جانبك من,(الْجُزْء الثَّالِث),(حرف الْجِيم)
جانبك الأبو,(الْجُزْء الثَّالِث),(حرف الْجِيم)
جانبك الاشرفي,(الْجُزْء الثَّالِث),(حرف الْجِيم)
جانبك الأشقر,(الْجُزْء الثَّالِث),(حرف الْجِيم)
جانبك السيفي,(الْجُزْء الثَّالِث),(حرف الْجِيم)
جانبك الاينالي,(الْجُزْء الثَّالِث),(حرف الْجِيم)
جانبك التاجي,(الْجُزْء الثَّالِث),(حرف الْجِيم)
جانبك الثور,(الْجُزْء الثَّالِث),(حرف الْجِيم)
جانبك الجكمي,(الْجُزْء الثَّالِث),(حرف الْجِيم)
جانبك الحمزاوي,(الْجُزْء الثَّالِث),(حرف الْجِيم)
جانبك الزيني,(الْجُزْء الثَّالِث),(حرف الْجِيم)
جانبك السليماني,(الْجُزْء الثَّالِث),(حرف الْجِيم)
جانبك السودوني,(الْجُزْء الثَّالِث),(حرف الْجِيم)
جانبك الشمسي,(الْجُزْء الثَّالِث),(حرف الْجِيم)
جانبك الصوفي,(الْجُزْء الثَّالِث),(حرف الْجِيم)
جانبك الطياري,(الْجُزْء الثَّالِث),(حرف الْجِيم)
جانبك الطويل,(الْجُزْء الثَّالِث),(حرف الْجِيم)
جانبك الظاهري,(الْجُزْء الثَّالِث),(حرف الْجِيم)
جانبك العلائي,(الْجُزْء الثَّالِث),(حرف الْجِيم)
جانبك القرماني,(الْجُزْء الثَّالِث),(حرف الْجِيم)
جانبك قصروه,(الْجُزْء الثَّالِث),(حرف الْجِيم)
جانبك القوامي,(الْجُزْء الثَّالِث),(حرف الْجِيم)
جانبك كوهيه,(الْجُزْء الثَّالِث),(حرف الْجِيم)
جانبك المحمودي,(الْجُزْء الثَّالِث),(حرف الْجِيم)
جانبك المؤيدي,(الْجُزْء الثَّالِث),(حرف الْجِيم)
جانبك الناصري,(الْجُزْء الثَّالِث),(حرف الْجِيم)
جانبك النوروزي,(الْجُزْء الثَّالِث),(حرف الْجِيم)
جانبك اليشبكي,(الْجُزْء الثَّالِث),(حرف الْجِيم)
جانبك أحد,(الْجُزْء الثَّالِث),(حرف الْجِيم)
جان بلاط,(الْجُزْء الثَّالِث),(حرف الْجِيم)
جانم الاشرفي,(الْجُزْء الثَّالِث),(حرف الْجِيم)
جانم السيفي,(الْجُزْء الثَّالِث),(حرف الْجِيم)
جانم نائب,(الْجُزْء الثَّالِث),(حرف الْجِيم)
جانم الظاهري,(الْجُزْء الثَّالِث),(حرف الْجِيم)
جانم ابن,(الْجُزْء الثَّالِث),(حرف الْجِيم)
جانم المؤيدي,(الْجُزْء الثَّالِث),(حرف الْجِيم)
جانم كان,(الْجُزْء الثَّالِث),(حرف الْجِيم)
جاهنشاه بن,(الْجُزْء الثَّالِث),(حرف الْجِيم)
جبريل بن,(الْجُزْء الثَّالِث),(حرف الْجِيم)
ججكبغا دوادار,(الْجُزْء الثَّالِث),(حرف الْجِيم)
جخيدب بن,(الْجُزْء الثَّالِث),(حرف الْجِيم)
جرباش كرت,(الْجُزْء الثَّالِث),(حرف الْجِيم)
جرباش الاشرفي,(الْجُزْء الثَّالِث),(حرف الْجِيم)
جرباش الكريمي,(الْجُزْء الثَّالِث),(حرف الْجِيم)
جركس سيف,(الْجُزْء الثَّالِث),(حرف الْجِيم)
جشار النصيح,(الْجُزْء الثَّالِث),(حرف الْجِيم)
جشار بن,(الْجُزْء الثَّالِث),(حرف الْجِيم)
جشار الخضيري,(الْجُزْء الثَّالِث),(حرف الْجِيم)
جعفر بن,(الْجُزْء الثَّالِث),(حرف الْجِيم)
جعفر الزين,(الْجُزْء الثَّالِث),(حرف الْجِيم)
جغنوس الناصري,(الْجُزْء الثَّالِث),(حرف الْجِيم)
جقمق بن,(الْجُزْء الثَّالِث),(حرف الْجِيم)
جقمق الNOAN,(الْجُزْء الثَّالِث),(حرف الْجِيم)
جقمق الظاهر,(الْجُزْء الثَّالِث),(حرف الْجِيم)
جقمق سيف,(الْجُزْء الثَّالِث),(حرف الْجِيم)
جقمق الأرغون,(الْجُزْء الثَّالِث),(حرف الْجِيم)
جقمق المحمدي,(الْجُزْء الثَّالِث),(حرف الْجِيم)
جكم قرآ,(الْجُزْء الثَّالِث),(حرف الْجِيم)
جكم أبو,(الْجُزْء الثَّالِث),(حرف الْجِيم)
جكم الاشرفي,(الْجُزْء الثَّالِث),(حرف الْجِيم)
جكم الظاهري,(الْجُزْء الثَّالِث),(حرف الْجِيم)
جكم النوري,(الْجُزْء الثَّالِث),(حرف الْجِيم)
جكم نائب,(الْجُزْء الثَّالِث),(حرف الْجِيم)
جلال الإسلام,(الْجُزْء الثَّالِث),(حرف الْجِيم)
جلبان بن,(الْجُزْء الثَّالِث),(حرف الْجِيم)
جلبان العمري,(الْجُزْء الثَّالِث),(حرف الْجِيم)
جلبان الكمشبغاوي,(الْجُزْء الثَّالِث),(حرف الْجِيم)
جلبان المؤيدي,(الْجُزْء الثَّالِث),(حرف الْجِيم)
جماز بن,(الْجُزْء الثَّالِث),(حرف الْجِيم)
جمال بن,(الْجُزْء الثَّالِث),(حرف الْجِيم)
جميل بن,(الْجُزْء الثَّالِث),(حرف الْجِيم)
جنبك اليحياوي,(الْجُزْء الثَّالِث),(حرف الْجِيم)
جنتمر بن,(الْجُزْء الثَّالِث),(حرف الْجِيم)
الجنيد بن,(الْجُزْء الثَّالِث),(حرف الْجِيم)
جهانشاه بن,(الْجُزْء الثَّالِث),(حرف الْجِيم)
جهان كير,(الْجُزْء الثَّالِث),(حرف الْجِيم)
جوبان الظاهر,(الْجُزْء الثَّالِث),(حرف الْجِيم)
جوهر صفي,(الْجُزْء الثَّالِث),(حرف الْجِيم)
جوهر التمر,(الْجُزْء الثَّالِث),(حرف الْجِيم)
جوهر التمرازي,(الْجُزْء الثَّالِث),(حرف الْجِيم)
جوهر الحبشي,(الْجُزْء الثَّالِث),(حرف الْجِيم)
جوهر السيفي,(الْجُزْء الثَّالِث),(حرف الْجِيم)
جوهر شرا,(الْجُزْء الثَّالِث),(حرف الْجِيم)
جوهر الشمسي,(الْجُزْء الثَّالِث),(حرف الْجِيم)
جوهر العجلاني,(الْجُزْء الثَّالِث),(حرف الْجِيم)
جوهر القنقباي,(الْجُزْء الثَّالِث),(حرف الْجِيم)
جوهر اللالا,(الْجُزْء الثَّالِث),(حرف الْجِيم)
جوهر المحبي,(الْجُزْء الثَّالِث),(حرف الْجِيم)
جوهر المعيني,(الْجُزْء الثَّالِث),(حرف الْجِيم)
جوهر المنجكي,(الْجُزْء الثَّالِث),(حرف الْجِيم)
جوهر النوروزي,(الْجُزْء الثَّالِث),(حرف الْجِيم)
جوهر اليشبكي,(الْجُزْء الثَّالِث),(حرف الْجِيم)
جويعد بن,(الْجُزْء الثَّالِث),(حرف الْجِيم)
جياش بن,(الْجُزْء الثَّالِث),(حرف الْجِيم)
جيرك أو,(الْجُزْء الثَّالِث),(حرف الْجِيم)
جينوس بن,(الْجُزْء الثَّالِث),(حرف الْجِيم)
حاتم بن,(الْجُزْء الثَّالِث),(حرف الْحَاء الْمُهْملَة)
حاجي بن,(الْجُزْء الثَّالِث),(حرف الْحَاء الْمُهْملَة)
حازم بن,(الْجُزْء الثَّالِث),(حرف الْحَاء الْمُهْملَة)
حافظ بن,(الْجُزْء الثَّالِث),(حرف الْحَاء الْمُهْملَة)
حامد بن,(الْجُزْء الثَّالِث),(حرف الْحَاء الْمُهْملَة)
حامد المغربي,(الْجُزْء الثَّالِث),(حرف الْحَاء الْمُهْملَة)
حبك ب+_ضم,(الْجُزْء الثَّالِث),(حرف الْحَاء الْمُهْملَة)
حبيب الله,(الْجُزْء الثَّالِث),(حرف الْحَاء الْمُهْملَة)
حبيب بن,(الْجُزْء الثَّالِث),(حرف الْحَاء الْمُهْملَة)
حبيب آخر,(الْجُزْء الثَّالِث),(حرف الْحَاء الْمُهْملَة)
حجاج بن,(الْجُزْء الثَّالِث),(حرف الْحَاء الْمُهْملَة)
حجر بن,(الْجُزْء الثَّالِث),(حرف الْحَاء الْمُهْملَة)
حرب بن,(الْجُزْء الثَّالِث),(حرف الْحَاء الْمُهْملَة)
حرسان بن,(الْجُزْء الثَّالِث),(حرف الْحَاء الْمُهْملَة)
حرمي بن,(الْجُزْء الثَّالِث),(حرف الْحَاء الْمُهْملَة)
حزمان ب+_الفتح,(الْجُزْء الثَّالِث),(حرف الْحَاء الْمُهْملَة)
حزمان الأبو,(الْجُزْء الثَّالِث),(حرف الْحَاء الْمُهْملَة)
حزمان اليشبكي,(الْجُزْء الثَّالِث),(حرف الْحَاء الْمُهْملَة)
حسام بن,(الْجُزْء الثَّالِث),(حرف الْحَاء الْمُهْملَة)
حسب الله,(الْجُزْء الثَّالِث),(حرف الْحَاء الْمُهْملَة)
حسن بن,(الْجُزْء الثَّالِث),(حرف الْحَاء الْمُهْملَة)
حسن بن,(الْجُزْء الثَّالِث),(من اسْمه حسن)
الحسن بن,(الْجُزْء الثَّالِث),(من اسْمه حسن)
له حسن,(الْجُزْء الثَّالِث),(من اسْمه حسن)
حسن بك,(الْجُزْء الثَّالِث),(من اسْمه حسن)
حسن شلبي,(الْجُزْء الثَّالِث),(من اسْمه حسن)
حسن بدر,(الْجُزْء الثَّالِث),(من اسْمه حسن)
حسن البدر,(الْجُزْء الثَّالِث),(من اسْمه حسن)
حسن حسام,(الْجُزْء الثَّالِث),(من اسْمه حسن)
حسن الشرف,(الْجُزْء الثَّالِث),(من اسْمه حسن)
حسن الاذرعي,(الْجُزْء الثَّالِث),(من اسْمه حسن)
حسن البدوي,(الْجُزْء الثَّالِث),(من اسْمه حسن)
حسن الدمياطي,(الْجُزْء الثَّالِث),(من اسْمه حسن)
حسن الديروطي,(الْجُزْء الثَّالِث),(من اسْمه حسن)
حسن الرومي,(الْجُزْء الثَّالِث),(من اسْمه حسن)
حسن السخاوي,(الْجُزْء الثَّالِث),(من اسْمه حسن)
حسن السقا,(الْجُزْء الثَّالِث),(من اسْمه حسن)
حسن السمرقندي,(الْجُزْء الثَّالِث),(من اسْمه حسن)
حسن الضأني,(الْجُزْء الثَّالِث),(من اسْمه حسن)
حسن الصبحي,(الْجُزْء الثَّالِث),(من اسْمه حسن)
حسن العجمي,(الْجُزْء الثَّالِث),(من اسْمه حسن)
حسن الغزي,(الْجُزْء الثَّالِث),(من اسْمه حسن)
حسن المغيلي,(الْجُزْء الثَّالِث),(من اسْمه حسن)
حسن النابلسي,(الْجُزْء الثَّالِث),(من اسْمه حسن)
حسن الهندي,(الْجُزْء الثَّالِث),(من اسْمه حسن)
حسن الهيثمي,(الْجُزْء الثَّالِث),(من اسْمه حسن)
حسين ب+_التصغير,(الْجُزْء الثَّالِث),(من اسْمه حُسَيْن)
حسين بن,(الْجُزْء الثَّالِث),(من اسْمه حُسَيْن)
حسين الأكبر,(الْجُزْء الثَّالِث),(من اسْمه حُسَيْن)
حسين الأصغر,(الْجُزْء الثَّالِث),(من اسْمه حُسَيْن)
حسين البدر,(الْجُزْء الثَّالِث),(من اسْمه حُسَيْن)
حسين الاعزاري,(الْجُزْء الثَّالِث),(من اسْمه حُسَيْن)
حسين شيخ,(الْجُزْء الثَّالِث),(من اسْمه حُسَيْن)
حسين الكازروني,(الْجُزْء الثَّالِث),(من اسْمه حُسَيْن)
حسين المصري,(الْجُزْء الثَّالِث),(من اسْمه حُسَيْن)
حسين المكل,(الْجُزْء الثَّالِث),(من اسْمه حُسَيْن)
حطط ب+_مهملات,(الْجُزْء الثَّالِث),(من اسْمه حُسَيْن)
حطيبة و+_اسمه,(الْجُزْء الثَّالِث),(من اسْمه حُسَيْن)
حماد بن,(الْجُزْء الثَّالِث),(من اسْمه حُسَيْن)
حمزة بن,(الْجُزْء الثَّالِث),(من اسْمه حَمْزَة)
حمزة بك,(الْجُزْء الثَّالِث),(من اسْمه حَمْزَة)
حمزة ابن,(الْجُزْء الثَّالِث),(من اسْمه حَمْزَة)
حمزة أمام,(الْجُزْء الثَّالِث),(من اسْمه حَمْزَة)
حنتم بن,(الْجُزْء الثَّالِث),(من اسْمه حَمْزَة)
حواس بن,(الْجُزْء الثَّالِث),(من اسْمه حَمْزَة)
حيدرة بن,(الْجُزْء الثَّالِث),(من اسْمه حَمْزَة)
حيدر بن,(الْجُزْء الثَّالِث),(من اسْمه حَمْزَة)
حيدر برهان,(الْجُزْء الثَّالِث),(من اسْمه حَمْزَة)
حيران بن,(الْجُزْء الثَّالِث),(من اسْمه حَمْزَة)
خاصة بن,(الْجُزْء الثَّالِث),(حرف الْخَاء الْمُعْجَمَة)
خاطر بن,(الْجُزْء الثَّالِث),(حرف الْخَاء الْمُعْجَمَة)
خالد بن,(الْجُزْء الثَّالِث),(من اسْمه خَالِد)
خالد المغربي,(الْجُزْء الثَّالِث),(من اسْمه خَالِد)
خالد المقدسي,(الْجُزْء الثَّالِث),(من اسْمه خَالِد)
خرص بن,(الْجُزْء الثَّالِث),(من اسْمه خَالِد)
خروف المجذوب,(الْجُزْء الثَّالِث),(من اسْمه خَالِد)
خشرم بن,(الْجُزْء الثَّالِث),(من اسْمه خَالِد)
خشرم الحسنى,(الْجُزْء الثَّالِث),(من اسْمه خَالِد)
خشقدم الارنبغاوي,(الْجُزْء الثَّالِث),(من اسْمه خَالِد)
خشقدم الرومي,(الْجُزْء الثَّالِث),(من اسْمه خَالِد)
خشقدم الزيني,(الْجُزْء الثَّالِث),(من اسْمه خَالِد)
خشقدم السودوني,(الْجُزْء الثَّالِث),(من اسْمه خَالِد)
خشقدم الظاهري,(الْجُزْء الثَّالِث),(من اسْمه خَالِد)
خشقدم الظاهر,(الْجُزْء الثَّالِث),(من اسْمه خَالِد)
خشقدم الميقاتي,(الْجُزْء الثَّالِث),(من اسْمه خَالِد)
خشكلدي البيسقي,(الْجُزْء الثَّالِث),(من اسْمه خَالِد)
خشكلدي الدواداري,(الْجُزْء الثَّالِث),(من اسْمه خَالِد)
خشكلدي الزيني,(الْجُزْء الثَّالِث),(من اسْمه خَالِد)
خشكلدي العلمي,(الْجُزْء الثَّالِث),(من اسْمه خَالِد)
خشكلدي الكوجكي,(الْجُزْء الثَّالِث),(من اسْمه خَالِد)
خشكلدي من,(الْجُزْء الثَّالِث),(من اسْمه خَالِد)
خشكلدي الناصري,(الْجُزْء الثَّالِث),(من اسْمه خَالِد)
خشكلدي اليشبكي,(الْجُزْء الثَّالِث),(من اسْمه خَالِد)
خشكلدي نائب,(الْجُزْء الثَّالِث),(من اسْمه خَالِد)
خضر بك,(الْجُزْء الثَّالِث),(من اسْمه خَالِد)
خضر بن,(الْجُزْء الثَّالِث),(من اسْمه خَالِد)
حضر بن,(الْجُزْء الثَّالِث),(من اسْمه خَالِد)
خضر زين,(الْجُزْء الثَّالِث),(من اسْمه خَالِد)
خضر الزين,(الْجُزْء الثَّالِث),(من اسْمه خَالِد)
خضر الخادم,(الْجُزْء الثَّالِث),(من اسْمه خَالِد)
خضر الكردي,(الْجُزْء الثَّالِث),(من اسْمه خَالِد)
خضير ب+_الضم,(الْجُزْء الثَّالِث),(من اسْمه خَالِد)
خضير بن,(الْجُزْء الثَّالِث),(من اسْمه خَالِد)
خطاب بن,(الْجُزْء الثَّالِث),(من اسْمه خَالِد)
خلف الله,(الْجُزْء الثَّالِث),(من اسْمه خَالِد)
خلف بن,(الْجُزْء الثَّالِث),(من اسْمه خَالِد)
خلف المصري,(الْجُزْء الثَّالِث),(من اسْمه خَالِد)
خليفة بن,(الْجُزْء الثَّالِث),(من اسْمه خَالِد)
خليفة المغربي,(الْجُزْء الثَّالِث),(من اسْمه خَالِد)
خليفة الضرير,(الْجُزْء الثَّالِث),(من اسْمه خَالِد)
خليل بن,(الْجُزْء الثَّالِث),(من اسْمه خَالِد)
خليل الغرس,(الْجُزْء الثَّالِث),(من اسْمه خَالِد)
خميس جرباش,(الْجُزْء الثَّالِث),(من اسْمه خَالِد)
فهد خنافر,(الْجُزْء الثَّالِث),(من اسْمه خَالِد)
خير بك,(الْجُزْء الثَّالِث),(من اسْمه خَالِد)
داود بن,(الْجُزْء الثَّالِث),(حرف الدَّال الْمُهْملَة)
داود شهاب,(الْجُزْء الثَّالِث),(حرف الدَّال الْمُهْملَة)
داود المغربي,(الْجُزْء الثَّالِث),(حرف الدَّال الْمُهْملَة)
دقماق التركماني,(الْجُزْء الثَّالِث),(حرف الدَّال الْمُهْملَة)
دقماق المحمدي,(الْجُزْء الثَّالِث),(حرف الدَّال الْمُهْملَة)
دمرداش الطويل,(الْجُزْء الثَّالِث),(حرف الدَّال الْمُهْملَة)
دمرداش المحمدي,(الْجُزْء الثَّالِث),(حرف الدَّال الْمُهْملَة)
دمشق خجا,(الْجُزْء الثَّالِث),(حرف الدَّال الْمُهْملَة)
دولات ب+_أي,(الْجُزْء الثَّالِث),(حرف الدَّال الْمُهْملَة)
دولات خجا,(الْجُزْء الثَّالِث),(حرف الدَّال الْمُهْملَة)
دينار الطواشي,(الْجُزْء الثَّالِث),(حرف الدَّال الْمُهْملَة)
ذو النون,(الْجُزْء الثَّالِث),(حرف الذَّال الْمُعْجَمَة)
راجح بن,(الْجُزْء الثَّالِث),(حرف الرَّاء الْمُهْملَة)
راجح الطحان,(الْجُزْء الثَّالِث),(حرف الرَّاء الْمُهْملَة)
راشد بن,(الْجُزْء الثَّالِث),(حرف الرَّاء الْمُهْملَة)
ربيع بن,(الْجُزْء الثَّالِث),(حرف الرَّاء الْمُهْملَة)
ربيع شيخ,(الْجُزْء الثَّالِث),(حرف الرَّاء الْمُهْملَة)
رضوان بن,(الْجُزْء الثَّالِث),(حرف الرَّاء الْمُهْملَة)
ركاب شنق,(الْجُزْء الثَّالِث),(حرف الرَّاء الْمُهْملَة)
رمضان بن,(الْجُزْء الثَّالِث),(حرف الرَّاء الْمُهْملَة)
رمضان اللقاني,(الْجُزْء الثَّالِث),(حرف الرَّاء الْمُهْملَة)
رمضان المنفلوطي,(الْجُزْء الثَّالِث),(حرف الرَّاء الْمُهْملَة)
رميثة بن,(الْجُزْء الثَّالِث),(حرف الرَّاء الْمُهْملَة)
رميح بن,(الْجُزْء الثَّالِث),(حرف الرَّاء الْمُهْملَة)
روزبهان بن,(الْجُزْء الثَّالِث),(حرف الرَّاء الْمُهْملَة)
ريحان الحبشي,(الْجُزْء الثَّالِث),(حرف الرَّاء الْمُهْملَة)
ريحا الزنجي,(الْجُزْء الثَّالِث),(حرف الرَّاء الْمُهْملَة)
ريحان العدني,(الْجُزْء الثَّالِث),(حرف الرَّاء الْمُهْملَة)
ريحان النوبي,(الْجُزْء الثَّالِث),(حرف الرَّاء الْمُهْملَة)
ريحان اليعقوبي,(الْجُزْء الثَّالِث),(حرف الرَّاء الْمُهْملَة)
زاده العجمي,(الْجُزْء الثَّالِث),(حرف الزَّاي المنقوطة)
زاهد بن,(الْجُزْء الثَّالِث),(حرف الزَّاي المنقوطة)
زاهر بن,(الْجُزْء الثَّالِث),(حرف الزَّاي المنقوطة)
زائد بن,(الْجُزْء الثَّالِث),(حرف الزَّاي المنقوطة)
زبيري اسم,(الْجُزْء الثَّالِث),(حرف الزَّاي المنقوطة)
الزبير بن,(الْجُزْء الثَّالِث),(حرف الزَّاي المنقوطة)
زربه بن,(الْجُزْء الثَّالِث),(حرف الزَّاي المنقوطة)
زكريا بن,(الْجُزْء الثَّالِث),(حرف الزَّاي المنقوطة)
زهير بن,(الْجُزْء الثَّالِث),(حرف الزَّاي المنقوطة)
زيد بن,(الْجُزْء الثَّالِث),(حرف الزَّاي المنقوطة)
زيرك الرومي,(الْجُزْء الثَّالِث),(حرف الزَّاي المنقوطة)
زين العابدين,(الْجُزْء الثَّالِث),(حرف الزَّاي المنقوطة)
زين العباد,(الْجُزْء الثَّالِث),(حرف الزَّاي المنقوطة)
زين قرآ,(الْجُزْء الثَّالِث),(حرف الزَّاي المنقوطة)
ساسي الكلاعي,(الْجُزْء الثَّالِث),(حرف السِّين الْمُهْملَة)
سالم بن,(الْجُزْء الثَّالِث),(حرف السِّين الْمُهْملَة)
سالم الحوراني,(الْجُزْء الثَّالِث),(حرف السِّين الْمُهْملَة)
سالم الNOAN,(الْجُزْء الثَّالِث),(حرف السِّين الْمُهْملَة)
سبع بن,(الْجُزْء الثَّالِث),(حرف السِّين الْمُهْملَة)
سراج بن,(الْجُزْء الثَّالِث),(حرف السِّين الْمُهْملَة)
سرداح ب+_مهملات,(الْجُزْء الثَّالِث),(حرف السِّين الْمُهْملَة)
سرور بن,(الْجُزْء الثَّالِث),(حرف السِّين الْمُهْملَة)
سرور الحبشي,(الْجُزْء الثَّالِث),(حرف السِّين الْمُهْملَة)
سرور الطرباي,(الْجُزْء الثَّالِث),(حرف السِّين الْمُهْملَة)
سعد الله,(الْجُزْء الثَّالِث),(حرف السِّين الْمُهْملَة)
سعد بن,(الْجُزْء الثَّالِث),(حرف السِّين الْمُهْملَة)
سعد الحضرمي,(الْجُزْء الثَّالِث),(حرف السِّين الْمُهْملَة)
سعد الشهير,(الْجُزْء الثَّالِث),(حرف السِّين الْمُهْملَة)
سعيد بن,(الْجُزْء الثَّالِث),(حرف السِّين الْمُهْملَة)
سعيد البليني,(الْجُزْء الثَّالِث),(حرف السِّين الْمُهْملَة)
سعيد جبروه,(الْجُزْء الثَّالِث),(حرف السِّين الْمُهْملَة)
سعيد الحبشي,(الْجُزْء الثَّالِث),(حرف السِّين الْمُهْملَة)
سعيد المغربي,(الْجُزْء الثَّالِث),(حرف السِّين الْمُهْملَة)
سعيد الهندي,(الْجُزْء الثَّالِث),(حرف السِّين الْمُهْملَة)
سعيد أحد,(الْجُزْء الثَّالِث),(حرف السِّين الْمُهْملَة)
سقر أحد,(الْجُزْء الثَّالِث),(حرف السِّين الْمُهْملَة)
سكنبغا مات,(الْجُزْء الثَّالِث),(حرف السِّين الْمُهْملَة)
سلام الله,(الْجُزْء الثَّالِث),(حرف السِّين الْمُهْملَة)
سلامة بن,(الْجُزْء الثَّالِث),(حرف السِّين الْمُهْملَة)
سلام المصري,(الْجُزْء الثَّالِث),(حرف السِّين الْمُهْملَة)
سلطان الكيلاني,(الْجُزْء الثَّالِث),(حرف السِّين الْمُهْملَة)
سلطان صهر,(الْجُزْء الثَّالِث),(حرف السِّين الْمُهْملَة)
سلمان بن,(الْجُزْء الثَّالِث),(حرف السِّين الْمُهْملَة)
سلمان ب+_ضم,(الْجُزْء الثَّالِث),(حرف السِّين الْمُهْملَة)
سليمان بن,(الْجُزْء الثَّالِث),(حرف السِّين الْمُهْملَة)
سليم ك+_كبير,(الْجُزْء الثَّالِث),(حرف السِّين الْمُهْملَة)
سليم بن,(الْجُزْء الثَّالِث),(حرف السِّين الْمُهْملَة)
سليم ولي,(الْجُزْء الثَّالِث),(حرف السِّين الْمُهْملَة)
سمام الحسنى,(الْجُزْء الثَّالِث),(حرف السِّين الْمُهْملَة)
سنان بن,(الْجُزْء الثَّالِث),(حرف السِّين الْمُهْملَة)
سنان الارزنجاني,(الْجُزْء الثَّالِث),(حرف السِّين الْمُهْملَة)
سنبل الاشرفي,(الْجُزْء الثَّالِث),(حرف السِّين الْمُهْملَة)
سند بن,(الْجُزْء الثَّالِث),(حرف السِّين الْمُهْملَة)
سنطباي قرآ,(الْجُزْء الثَّالِث),(حرف السِّين الْمُهْملَة)
س+_نقر بن,(الْجُزْء الثَّالِث),(حرف السِّين الْمُهْملَة)
س+_نقر الجمالي,(الْجُزْء الثَّالِث),(حرف السِّين الْمُهْملَة)
س+_نقر الناصري,(الْجُزْء الثَّالِث),(حرف السِّين الْمُهْملَة)
س+_نقر أحد,(الْجُزْء الثَّالِث),(حرف السِّين الْمُهْملَة)
س+_نقر عبد,(الْجُزْء الثَّالِث),(حرف السِّين الْمُهْملَة)
س+_نقر أمير,(الْجُزْء الثَّالِث),(حرف السِّين الْمُهْملَة)
سهل بن,(الْجُزْء الثَّالِث),(حرف السِّين الْمُهْملَة)
سوار بن,(الْجُزْء الثَّالِث),(حرف السِّين الْمُهْملَة)
سودون من,(الْجُزْء الثَّالِث),(ذكر من اسْمه سودون وَكلهمْ جركسيون)
سودون بن,(الْجُزْء الثَّالِث),(ذكر من اسْمه سودون وَكلهمْ جركسيون)
سودون الأبو,(الْجُزْء الثَّالِث),(ذكر من اسْمه سودون وَكلهمْ جركسيون)
سودون الاسندمري,(الْجُزْء الثَّالِث),(ذكر من اسْمه سودون وَكلهمْ جركسيون)
سودون الاينالي,(الْجُزْء الثَّالِث),(ذكر من اسْمه سودون وَكلهمْ جركسيون)
سودون البردبكي,(الْجُزْء الثَّالِث),(ذكر من اسْمه سودون وَكلهمْ جركسيون)
سودون البلاطي,(الْجُزْء الثَّالِث),(ذكر من اسْمه سودون وَكلهمْ جركسيون)
سودون الجكمي,(الْجُزْء الثَّالِث),(ذكر من اسْمه سودون وَكلهمْ جركسيون)
سودون الحمزاوي,(الْجُزْء الثَّالِث),(ذكر من اسْمه سودون وَكلهمْ جركسيون)
سودون الحموي,(الْجُزْء الثَّالِث),(ذكر من اسْمه سودون وَكلهمْ جركسيون)
سودون دقماق,(الْجُزْء الثَّالِث),(ذكر من اسْمه سودون وَكلهمْ جركسيون)
سودون دوادار,(الْجُزْء الثَّالِث),(ذكر من اسْمه سودون وَكلهمْ جركسيون)
سودون السودوني,(الْجُزْء الثَّالِث),(ذكر من اسْمه سودون وَكلهمْ جركسيون)
سودون الشمسي,(الْجُزْء الثَّالِث),(ذكر من اسْمه سودون وَكلهمْ جركسيون)
سودون طاز,(الْجُزْء الثَّالِث),(ذكر من اسْمه سودون وَكلهمْ جركسيون)
سودون العلائي,(الْجُزْء الثَّالِث),(ذكر من اسْمه سودون وَكلهمْ جركسيون)
سودون الطيار,(الْجُزْء الثَّالِث),(ذكر من اسْمه سودون وَكلهمْ جركسيون)
سودون الظاهري,(الْجُزْء الثَّالِث),(ذكر من اسْمه سودون وَكلهمْ جركسيون)
سودون القاضي,(الْجُزْء الثَّالِث),(ذكر من اسْمه سودون وَكلهمْ جركسيون)
سودون القرماني,(الْجُزْء الثَّالِث),(ذكر من اسْمه سودون وَكلهمْ جركسيون)
سودون قريب,(الْجُزْء الثَّالِث),(ذكر من اسْمه سودون وَكلهمْ جركسيون)
سودون القصروي,(الْجُزْء الثَّالِث),(ذكر من اسْمه سودون وَكلهمْ جركسيون)
سودون اللكاشي,(الْجُزْء الثَّالِث),(ذكر من اسْمه سودون وَكلهمْ جركسيون)
سودون المارداني,(الْجُزْء الثَّالِث),(ذكر من اسْمه سودون وَكلهمْ جركسيون)
سودون المحمدي,(الْجُزْء الثَّالِث),(ذكر من اسْمه سودون وَكلهمْ جركسيون)
سودون المنصوري,(الْجُزْء الثَّالِث),(ذكر من اسْمه سودون وَكلهمْ جركسيون)
سودون النوروزي,(الْجُزْء الثَّالِث),(ذكر من اسْمه سودون وَكلهمْ جركسيون)
سودون اليشبكي,(الْجُزْء الثَّالِث),(ذكر من اسْمه سودون وَكلهمْ جركسيون)
سودون اليوسفي,(الْجُزْء الثَّالِث),(ذكر من اسْمه سودون وَكلهمْ جركسيون)
سودون غير,(الْجُزْء الثَّالِث),(ذكر من اسْمه سودون وَكلهمْ جركسيون)
سونجبغا اليونسي,(الْجُزْء الثَّالِث),(ذكر من اسْمه سودون وَكلهمْ جركسيون)
سونجبغا الظاهري,(الْجُزْء الثَّالِث),(ذكر من اسْمه سودون وَكلهمْ جركسيون)
سويدان مقدم,(الْجُزْء الثَّالِث),(ذكر من اسْمه سودون وَكلهمْ جركسيون)
سيباي الاشرفي,(الْجُزْء الثَّالِث),(ذكر من اسْمه سودون وَكلهمْ جركسيون)
سيباي الظاهري,(الْجُزْء الثَّالِث),(ذكر من اسْمه سودون وَكلهمْ جركسيون)
سيباي العلائي,(الْجُزْء الثَّالِث),(ذكر من اسْمه سودون وَكلهمْ جركسيون)
سيف بن,(الْجُزْء الثَّالِث),(ذكر من اسْمه سودون وَكلهمْ جركسيون)
شاذ بك,(الْجُزْء الثَّالِث),(حرف الشين الْمُعْجَمَة)
شاذبك الاشرفي,(الْجُزْء الثَّالِث),(حرف الشين الْمُعْجَمَة)
شاذبك الجكمي,(الْجُزْء الثَّالِث),(حرف الشين الْمُعْجَمَة)
شاذبك الجلباني,(الْجُزْء الثَّالِث),(حرف الشين الْمُعْجَمَة)
شاذبك الصارمي,(الْجُزْء الثَّالِث),(حرف الشين الْمُعْجَمَة)
شاذبك من,(الْجُزْء الثَّالِث),(حرف الشين الْمُعْجَمَة)
شاذبك طاز,(الْجُزْء الثَّالِث),(حرف الشين الْمُعْجَمَة)
شاذبك الفقيه,(الْجُزْء الثَّالِث),(حرف الشين الْمُعْجَمَة)
شاذي الهندي,(الْجُزْء الثَّالِث),(حرف الشين الْمُعْجَمَة)
شارب بن,(الْجُزْء الثَّالِث),(حرف الشين الْمُعْجَمَة)
شارع بن,(الْجُزْء الثَّالِث),(حرف الشين الْمُعْجَمَة)
شار بن,(الْجُزْء الثَّالِث),(حرف الشين الْمُعْجَمَة)
شاكر بن,(الْجُزْء الثَّالِث),(حرف الشين الْمُعْجَمَة)
شامان بن,(الْجُزْء الثَّالِث),(حرف الشين الْمُعْجَمَة)
شاه رخ,(الْجُزْء الثَّالِث),(حرف الشين الْمُعْجَمَة)
شاهين الاشرفي,(الْجُزْء الثَّالِث),(حرف الشين الْمُعْجَمَة)
شاهين الافرم,(الْجُزْء الثَّالِث),(حرف الشين الْمُعْجَمَة)
شاهين الايدكاري,(الْجُزْء الثَّالِث),(حرف الشين الْمُعْجَمَة)
شاهين الجمالي,(الْجُزْء الثَّالِث),(حرف الشين الْمُعْجَمَة)
شاهين الحسنى,(الْجُزْء الثَّالِث),(حرف الشين الْمُعْجَمَة)
شاهين دست,(الْجُزْء الثَّالِث),(حرف الشين الْمُعْجَمَة)
شاهين الدوادار,(الْجُزْء الثَّالِث),(حرف الشين الْمُعْجَمَة)
شاهين الرومي,(الْجُزْء الثَّالِث),(حرف الشين الْمُعْجَمَة)
شاهين الزردكاش,(الْجُزْء الثَّالِث),(حرف الشين الْمُعْجَمَة)
شاهين الزيني,(الْجُزْء الثَّالِث),(حرف الشين الْمُعْجَمَة)
شاهين السعدي,(الْجُزْء الثَّالِث),(حرف الشين الْمُعْجَمَة)
شاهين الشجاعي,(الْجُزْء الثَّالِث),(حرف الشين الْمُعْجَمَة)
شاهين الشيخي,(الْجُزْء الثَّالِث),(حرف الشين الْمُعْجَمَة)
شاهين الطوغاني,(الْجُزْء الثَّالِث),(حرف الشين الْمُعْجَمَة)
شاهين العلائي,(الْجُزْء الثَّالِث),(حرف الشين الْمُعْجَمَة)
شاهين الفارسي,(الْجُزْء الثَّالِث),(حرف الشين الْمُعْجَمَة)
شاهين قصقا,(الْجُزْء الثَّالِث),(حرف الشين الْمُعْجَمَة)
شتوان بن,(الْجُزْء الثَّالِث),(حرف الشين الْمُعْجَمَة)
شحاتة بن,(الْجُزْء الثَّالِث),(حرف الشين الْمُعْجَمَة)
شربش بن,(الْجُزْء الثَّالِث),(حرف الشين الْمُعْجَمَة)
شرعان بن,(الْجُزْء الثَّالِث),(حرف الشين الْمُعْجَمَة)
شرف بن,(الْجُزْء الثَّالِث),(حرف الشين الْمُعْجَمَة)
شرف القواس,(الْجُزْء الثَّالِث),(حرف الشين الْمُعْجَمَة)
شرف الملك,(الْجُزْء الثَّالِث),(حرف الشين الْمُعْجَمَة)
شريف ك+_رغيف,(الْجُزْء الثَّالِث),(حرف الشين الْمُعْجَمَة)
شعبان بن,(الْجُزْء الثَّالِث),(حرف الشين الْمُعْجَمَة)
شعبان ابن,(الْجُزْء الثَّالِث),(حرف الشين الْمُعْجَمَة)
شعبان أبو,(الْجُزْء الثَّالِث),(حرف الشين الْمُعْجَمَة)
شعبان صهر,(الْجُزْء الثَّالِث),(حرف الشين الْمُعْجَمَة)
شعيب بن,(الْجُزْء الثَّالِث),(حرف الشين الْمُعْجَمَة)
شفاره المعلم,(الْجُزْء الثَّالِث),(حرف الشين الْمُعْجَمَة)
شفيع بن,(الْجُزْء الثَّالِث),(حرف الشين الْمُعْجَمَة)
شقرون الجبلي,(الْجُزْء الثَّالِث),(حرف الشين الْمُعْجَمَة)
شكر القائد,(الْجُزْء الثَّالِث),(حرف الشين الْمُعْجَمَة)
شكم المكي,(الْجُزْء الثَّالِث),(حرف الشين الْمُعْجَمَة)
شماف ب+_ضم,(الْجُزْء الثَّالِث),(حرف الشين الْمُعْجَمَة)
شمس العقعق,(الْجُزْء الثَّالِث),(حرف الشين الْمُعْجَمَة)
شميلة بن,(الْجُزْء الثَّالِث),(حرف الشين الْمُعْجَمَة)
شند الطواشي,(الْجُزْء الثَّالِث),(حرف الشين الْمُعْجَمَة)
شهاب الإسلام,(الْجُزْء الثَّالِث),(حرف الشين الْمُعْجَمَة)
شهاب بن,(الْجُزْء الثَّالِث),(حرف الشين الْمُعْجَمَة)
شهوان بن,(الْجُزْء الثَّالِث),(حرف الشين الْمُعْجَمَة)
شيخي بن,(الْجُزْء الثَّالِث),(حرف الشين الْمُعْجَمَة)
شيخ الحسنى,(الْجُزْء الثَّالِث),(حرف الشين الْمُعْجَمَة)
شيخ الخاصكي,(الْجُزْء الثَّالِث),(حرف الشين الْمُعْجَمَة)
شيخ الركني,(الْجُزْء الثَّالِث),(حرف الشين الْمُعْجَمَة)
شيخ السليمان,(الْجُزْء الثَّالِث),(حرف الشين الْمُعْجَمَة)
شيخ الNOAN,(الْجُزْء الثَّالِث),(حرف الشين الْمُعْجَمَة)
شيخ المحمودي,(الْجُزْء الثَّالِث),(حرف الشين الْمُعْجَمَة)
شيفكي أمام,(الْجُزْء الثَّالِث),(حرف الشين الْمُعْجَمَة)
,(الْجُزْء الثَّالِث),(حرف الصَّاد الْمُهْملَة)
صالح بن,(الْجُزْء الثَّالِث),(من اسْمه صَالح)
صخرة بن,(الْجُزْء الثَّالِث),(من اسْمه صَالح)
صدقه بن,(الْجُزْء الثَّالِث),(من اسْمه صَدَقَة)
صدقه الحلبي,(الْجُزْء الثَّالِث),(من اسْمه صَدَقَة)
صديق بن,(الْجُزْء الثَّالِث),(من اسْمه صَدَقَة)
الصديق بن,(الْجُزْء الثَّالِث),(من اسْمه صَدَقَة)
صراي تمر,(الْجُزْء الثَّالِث),(من اسْمه صَدَقَة)
صرغتمش و+_يقال,(الْجُزْء الثَّالِث),(من اسْمه صَدَقَة)
صرغتمش سيف,(الْجُزْء الثَّالِث),(من اسْمه صَدَقَة)
صرق ب+_ضم,(الْجُزْء الثَّالِث),(من اسْمه صَدَقَة)
صعب بن,(الْجُزْء الثَّالِث),(من اسْمه صَدَقَة)
صندل العز,(الْجُزْء الثَّالِث),(من اسْمه صَدَقَة)
صندل الزين,(الْجُزْء الثَّالِث),(من اسْمه صَدَقَة)
صولة بن,(الْجُزْء الثَّالِث),(من اسْمه صَدَقَة)
صوماي الحسنى,(الْجُزْء الثَّالِث),(من اسْمه صَدَقَة)
صلاح بن,(الْجُزْء الثَّالِث),(من اسْمه صَدَقَة)
الثالث و+_يليه, الْجُزْء ,(من اسْمه صَدَقَة)
,(الْجُزْء الرَّابِع),(من اسْمه صَدَقَة)
ضغيم بن,(الْجُزْء الرَّابِع),(حرف الضَّاد الْمُعْجَمَة)
ضياء بن,(الْجُزْء الرَّابِع),(حرف الضَّاد الْمُعْجَمَة)
ضيغم بن,(الْجُزْء الرَّابِع),(حرف الضَّاد الْمُعْجَمَة)
ضيف بن,(الْجُزْء الرَّابِع),(حرف الضَّاد الْمُعْجَمَة)
طاهر بن,(الْجُزْء الرَّابِع),(حرف الطَّاء الْمُهْملَة)
الطاهر بن,(الْجُزْء الرَّابِع),(حرف الطَّاء الْمُهْملَة)
طاهر الفقيه,(الْجُزْء الرَّابِع),(حرف الطَّاء الْمُهْملَة)
طاهر رجل,(الْجُزْء الرَّابِع),(حرف الطَّاء الْمُهْملَة)
طه بن,(الْجُزْء الرَّابِع),(حرف الطَّاء الْمُهْملَة)
طرباي الاشرفي,(الْجُزْء الرَّابِع),(حرف الطَّاء الْمُهْملَة)
طرباي الظاهري,(الْجُزْء الرَّابِع),(حرف الطَّاء الْمُهْملَة)
طرغلي بن,(الْجُزْء الرَّابِع),(حرف الطَّاء الْمُهْملَة)
طرمش ب+_ضم,(الْجُزْء الرَّابِع),(حرف الطَّاء الْمُهْملَة)
ططر الظاهري,(الْجُزْء الرَّابِع),(حرف الطَّاء الْمُهْملَة)
طغرق من,(الْجُزْء الرَّابِع),(حرف الطَّاء الْمُهْملَة)
طغيتمر الجلالي,(الْجُزْء الرَّابِع),(حرف الطَّاء الْمُهْملَة)
طقتمر البارزي,(الْجُزْء الرَّابِع),(حرف الطَّاء الْمُهْملَة)
طلحة بن,(الْجُزْء الرَّابِع),(حرف الطَّاء الْمُهْملَة)
الطنبغا مات,(الْجُزْء الرَّابِع),(حرف الطَّاء الْمُهْملَة)
طوخ من,(الْجُزْء الرَّابِع),(حرف الطَّاء الْمُهْملَة)
طوخ الظاهري,(الْجُزْء الرَّابِع),(حرف الطَّاء الْمُهْملَة)
طوخ الناصري,(الْجُزْء الرَّابِع),(حرف الطَّاء الْمُهْملَة)
طوخ الأبو,(الْجُزْء الرَّابِع),(حرف الطَّاء الْمُهْملَة)
طوخ الجكمي,(الْجُزْء الرَّابِع),(حرف الطَّاء الْمُهْملَة)
طوخ الخازندار,(الْجُزْء الرَّابِع),(حرف الطَّاء الْمُهْملَة)
طوخ أحد,(الْجُزْء الرَّابِع),(حرف الطَّاء الْمُهْملَة)
طوخ أمير,(الْجُزْء الرَّابِع),(حرف الطَّاء الْمُهْملَة)
طوغان شيخ,(الْجُزْء الرَّابِع),(حرف الطَّاء الْمُهْملَة)
طوغان قيز,(الْجُزْء الرَّابِع),(حرف الطَّاء الْمُهْملَة)
طوغان اميراخور,(الْجُزْء الرَّابِع),(حرف الطَّاء الْمُهْملَة)
طوغان الحسنى,(الْجُزْء الرَّابِع),(حرف الطَّاء الْمُهْملَة)
طوغان الدمرداشي,(الْجُزْء الرَّابِع),(حرف الطَّاء الْمُهْملَة)
طوغان دوادار,(الْجُزْء الرَّابِع),(حرف الطَّاء الْمُهْملَة)
طوغان السيفي,(الْجُزْء الرَّابِع),(حرف الطَّاء الْمُهْملَة)
طوغان العثماني,(الْجُزْء الرَّابِع),(حرف الطَّاء الْمُهْملَة)
طوغان العمري,(الْجُزْء الرَّابِع),(حرف الطَّاء الْمُهْملَة)
طوغان ميق,(الْجُزْء الرَّابِع),(حرف الطَّاء الْمُهْملَة)
طولو بن,(الْجُزْء الرَّابِع),(حرف الطَّاء الْمُهْملَة)
طومان ب+_أي,(الْجُزْء الرَّابِع),(حرف الطَّاء الْمُهْملَة)
طوير بن,(الْجُزْء الرَّابِع),(حرف الطَّاء الْمُهْملَة)
طيبغا البدري,(الْجُزْء الرَّابِع),(حرف الطَّاء الْمُهْملَة)
طيبغا و+_يسمي,(الْجُزْء الرَّابِع),(حرف الطَّاء الْمُهْملَة)
طيبغا التركي,(الْجُزْء الرَّابِع),(حرف الطَّاء الْمُهْملَة)
الطيب بن,(الْجُزْء الرَّابِع),(حرف الطَّاء الْمُهْملَة)
طيفور الظاهري,(الْجُزْء الرَّابِع),(حرف الطَّاء الْمُهْملَة)
ظافر بن,(الْجُزْء الرَّابِع),(حرف الظَّاء الْمُعْجَمَة)
ظهيرة بن,(الْجُزْء الرَّابِع),(حرف الظَّاء الْمُعْجَمَة)
عادي بن,(الْجُزْء الرَّابِع),(حرف الْعين الْمُهْملَة)
عامر بن,(الْجُزْء الرَّابِع),(حرف الْعين الْمُهْملَة)
عامر و+_يسمي,(الْجُزْء الرَّابِع),(حرف الْعين الْمُهْملَة)
عامر الخيفي,(الْجُزْء الرَّابِع),(حرف الْعين الْمُهْملَة)
عايض ب+_معجمه,(الْجُزْء الرَّابِع),(حرف الْعين الْمُهْملَة)
عبادة بن,(الْجُزْء الرَّابِع),(حرف الْعين الْمُهْملَة)
عباس بن,(الْجُزْء الرَّابِع),(حرف الْعين الْمُهْملَة)
العباس بن,(الْجُزْء الرَّابِع),(حرف الْعين الْمُهْملَة)
العباس أبو,(الْجُزْء الرَّابِع),(حرف الْعين الْمُهْملَة)
عبد الأحد,(الْجُزْء الرَّابِع),(حرف الْعين الْمُهْملَة)
عبد الأعلى,(الْجُزْء الرَّابِع),(حرف الْعين الْمُهْملَة)
عبد الأول,(الْجُزْء الرَّابِع),(حرف الْعين الْمُهْملَة)
عبد الباري,(الْجُزْء الرَّابِع),(حرف الْعين الْمُهْملَة)
عبد الباسط,(الْجُزْء الرَّابِع),(حرف الْعين الْمُهْملَة)
عبد الباقي,(الْجُزْء الرَّابِع),(حرف الْعين الْمُهْملَة)
عبد البر,(الْجُزْء الرَّابِع),(حرف الْعين الْمُهْملَة)
عبد الجبار,(الْجُزْء الرَّابِع),(حرف الْعين الْمُهْملَة)
عبد الجليل,(الْجُزْء الرَّابِع),(حرف الْعين الْمُهْملَة)
عبد الحفيظ,(الْجُزْء الرَّابِع),(حرف الْعين الْمُهْملَة)
عبد الحق,(الْجُزْء الرَّابِع),(حرف الْعين الْمُهْملَة)
عبد الحميد,(الْجُزْء الرَّابِع),(حرف الْعين الْمُهْملَة)
عبد الحي,(الْجُزْء الرَّابِع),(حرف الْعين الْمُهْملَة)
عبد الخالق,(الْجُزْء الرَّابِع),(حرف الْعين الْمُهْملَة)
عبد الدائم,(الْجُزْء الرَّابِع),(حرف الْعين الْمُهْملَة)
عبد الرحمن,(الْجُزْء الرَّابِع),(حرف الْعين الْمُهْملَة)
عبد الرحيم,(الْجُزْء الرَّابِع),(حرف الْعين الْمُهْملَة)
عبد الرزاق,(الْجُزْء الرَّابِع),(حرف الْعين الْمُهْملَة)
عبد الرءوف,(الْجُزْء الرَّابِع),(حرف الْعين الْمُهْملَة)
عبد السلام,(الْجُزْء الرَّابِع),(حرف الْعين الْمُهْملَة)
عبد الصادق,(الْجُزْء الرَّابِع),(حرف الْعين الْمُهْملَة)
عبد الصمد,(الْجُزْء الرَّابِع),(حرف الْعين الْمُهْملَة)
عبد الظاهر,(الْجُزْء الرَّابِع),(حرف الْعين الْمُهْملَة)
عبد العزيز,(الْجُزْء الرَّابِع),(حرف الْعين الْمُهْملَة)
عبد العظيم,(الْجُزْء الرَّابِع),(حرف الْعين الْمُهْملَة)
عبد العليم,(الْجُزْء الرَّابِع),(حرف الْعين الْمُهْملَة)
عبد الغفار,(الْجُزْء الرَّابِع),(حرف الْعين الْمُهْملَة)
عبد الغنى,(الْجُزْء الرَّابِع),(حرف الْعين الْمُهْملَة)
عبد الغفور,(الْجُزْء الرَّابِع),(حرف الْعين الْمُهْملَة)
عبد الفتاح,(الْجُزْء الرَّابِع),(حرف الْعين الْمُهْملَة)
عبد القادر,(الْجُزْء الرَّابِع),(حرف الْعين الْمُهْملَة)
عبد القاهر,(الْجُزْء الرَّابِع),(حرف الْعين الْمُهْملَة)
عبد القدوس,(الْجُزْء الرَّابِع),(حرف الْعين الْمُهْملَة)
عبد القوى,(الْجُزْء الرَّابِع),(حرف الْعين الْمُهْملَة)
عبد الكافي,(الْجُزْء الرَّابِع),(حرف الْعين الْمُهْملَة)
عبد الكبير,(الْجُزْء الرَّابِع),(حرف الْعين الْمُهْملَة)
عبد الكريم,(الْجُزْء الرَّابِع),(حرف الْعين الْمُهْملَة)
عبد اللطيف,(الْجُزْء الرَّابِع),(حرف الْعين الْمُهْملَة)
,(الْجُزْء الرَّابِع),(حرف الْعين الْمُهْملَة)
عبد الله,(الْجُزْء الرَّابِع),(من اسْمه عبد الله)
على بن,(الْجُزْء الرَّابِع),(من اسْمه عَليّ)
غالب بن,(الْجُزْء الرَّابِع),(حرف الْغَيْن الْمُعْجَمَة)
فاتن الطواشي,(الْجُزْء الرَّابِع),(حرف الْفَاء)
القاسم بن,(الْجُزْء الرَّابِع),(حرف الْقَاف)
كافور الجمالي,(الْجُزْء الرَّابِع),(حرف الْكَاف)
لاجين الجركسي,(الْجُزْء الرَّابِع),(حرف اللَّام)
ماجد بن,(الْجُزْء الرَّابِع),(حرف الْمِيم)
محمد بن,(الْجُزْء الرَّابِع),(ذكر من اسْمه مُحَمَّد)
السادس و+_يتلوه, الْجُزْء ,(ذكر من اسْمه مُحَمَّد)
محمد بن, الْجُزْء ,(ذكر من اسْمه مُحَمَّد)
محمد النجم, الْجُزْء ,(ذكر من اسْمه مُحَمَّد)
محمد أبو, الْجُزْء ,(ذكر من اسْمه مُحَمَّد)
محمد أخو, الْجُزْء ,(ذكر من اسْمه مُحَمَّد)
محمد الزكي, الْجُزْء ,(ذكر من اسْمه مُحَمَّد)
محمد الطبري, الْجُزْء ,(ذكر من اسْمه مُحَمَّد)
محمد تقي, الْجُزْء ,(ذكر من اسْمه مُحَمَّد)
محمد المدعو, الْجُزْء ,(ذكر من اسْمه مُحَمَّد)
محمد ناصر, الْجُزْء ,(ذكر من اسْمه مُحَمَّد)
محمد الشرف, الْجُزْء ,(ذكر من اسْمه مُحَمَّد)
محمد الجمال, الْجُزْء ,(ذكر من اسْمه مُحَمَّد)
محمد القطب, الْجُزْء ,(ذكر من اسْمه مُحَمَّد)
محمد التقى, الْجُزْء ,(ذكر من اسْمه مُحَمَّد)
محمد الكمال, الْجُزْء ,(ذكر من اسْمه مُحَمَّد)
محمد الفخر, الْجُزْء ,(ذكر من اسْمه مُحَمَّد)
محمد قطب, الْجُزْء ,(ذكر من اسْمه مُحَمَّد)
محمد نجم, الْجُزْء ,(ذكر من اسْمه مُحَمَّد)
محمد أمين, الْجُزْء ,(ذكر من اسْمه مُحَمَّد)
محمد المحب, الْجُزْء ,(ذكر من اسْمه مُحَمَّد)
محمد الشمس, الْجُزْء ,(ذكر من اسْمه مُحَمَّد)
محمد الرضى, الْجُزْء ,(ذكر من اسْمه مُحَمَّد)
محمد محمد, الْجُزْء ,(ذكر من اسْمه مُحَمَّد)
محمد العفيف, الْجُزْء ,(ذكر من اسْمه مُحَمَّد)
محمد شاه, الْجُزْء ,(ذكر من اسْمه مُحَمَّد)
محمد و+_يقال, الْجُزْء ,(ذكر من اسْمه مُحَمَّد)
محمد صلاح, الْجُزْء ,(ذكر من اسْمه مُحَمَّد)
محمد مجد, الْجُزْء ,(ذكر من اسْمه مُحَمَّد)
محمد شمس, الْجُزْء ,(ذكر من اسْمه مُحَمَّد)
محمد السراج, الْجُزْء ,(ذكر من اسْمه مُحَمَّد)
محمد بدر, الْجُزْء ,(ذكر من اسْمه مُحَمَّد)
محمد السيد, الْجُزْء ,(ذكر من اسْمه مُحَمَّد)
محمد الكبير, الْجُزْء ,(ذكر من اسْمه مُحَمَّد)
محمد البهاء, الْجُزْء ,(ذكر من اسْمه مُحَمَّد)
محمد جلال, الْجُزْء ,(ذكر من اسْمه مُحَمَّد)
محمد سيف, الْجُزْء ,(ذكر من اسْمه مُحَمَّد)
محمد المشدالي, الْجُزْء ,(ذكر من اسْمه مُحَمَّد)
محمد الصدر, الْجُزْء ,(ذكر من اسْمه مُحَمَّد)
محمد الجلال, الْجُزْء ,(ذكر من اسْمه مُحَمَّد)
محمد ولي, الْجُزْء ,(ذكر من اسْمه مُحَمَّد)
محمد الزين, الْجُزْء ,(ذكر من اسْمه مُحَمَّد)
محمد معز, الْجُزْء ,(ذكر من اسْمه مُحَمَّد)
محمد نسيم, الْجُزْء ,(ذكر من اسْمه مُحَمَّد)
محمد الصلاح, الْجُزْء ,(ذكر من اسْمه مُحَمَّد)
محمد جلبي, الْجُزْء ,(ذكر من اسْمه مُحَمَّد)
محمد ين, الْجُزْء ,(ذكر من اسْمه مُحَمَّد)
محمد تاج, الْجُزْء ,(ذكر من اسْمه مُحَمَّد)
محمد زين, الْجُزْء ,(ذكر من اسْمه مُحَمَّد)
محمد المعروف, الْجُزْء ,(ذكر من اسْمه مُحَمَّد)
محمد البدر, الْجُزْء ,(ذكر من اسْمه مُحَمَّد)
ممد البدر, الْجُزْء ,(ذكر من اسْمه مُحَمَّد)
محمد ملآ, الْجُزْء ,(ذكر من اسْمه مُحَمَّد)
محم دبن, الْجُزْء ,(ذكر من اسْمه مُحَمَّد)
محمد المصري, الْجُزْء ,(ذكر من اسْمه مُحَمَّد)
محمد الوزروالي, الْجُزْء ,(ذكر من اسْمه مُحَمَّد)
محمد الكتبي, الْجُزْء ,(ذكر من اسْمه مُحَمَّد)
محمد سعد, الْجُزْء ,(ذكر من اسْمه مُحَمَّد)
محمد الخواجا, الْجُزْء ,(ذكر من اسْمه مُحَمَّد)
محمد السطوحي, الْجُزْء ,(ذكر من اسْمه مُحَمَّد)
محمد حفيد, الْجُزْء ,(ذكر من اسْمه مُحَمَّد)
محمد ب+_آتي, الْجُزْء ,(ذكر من اسْمه مُحَمَّد)
محمد بيخا, الْجُزْء ,(ذكر من اسْمه مُحَمَّد)
محمد الدمشقي, الْجُزْء ,(ذكر من اسْمه مُحَمَّد)
محمد الاصبهاني, الْجُزْء ,(ذكر من اسْمه مُحَمَّد)
محمد الاقفاصي, الْجُزْء ,(ذكر من اسْمه مُحَمَّد)
محمد الايجي, الْجُزْء ,(ذكر من اسْمه مُحَمَّد)
محمد البباوي, الْجُزْء ,(ذكر من اسْمه مُحَمَّد)
محمد البديوي, الْجُزْء ,(ذكر من اسْمه مُحَمَّد)
محمد بلاش, الْجُزْء ,(ذكر من اسْمه مُحَمَّد)
محمد التكروري, الْجُزْء ,(ذكر من اسْمه مُحَمَّد)
محمد الجبرتي, الْجُزْء ,(ذكر من اسْمه مُحَمَّد)
محمد الجيزي, الْجُزْء ,(ذكر من اسْمه مُحَمَّد)
محمد شخص, الْجُزْء ,(ذكر من اسْمه مُحَمَّد)
محمد الحبشي, الْجُزْء ,(ذكر من اسْمه مُحَمَّد)
محمد الحراشي, الْجُزْء ,(ذكر من اسْمه مُحَمَّد)
محمد الحريري, الْجُزْء ,(ذكر من اسْمه مُحَمَّد)
محمد الحقيقي, الْجُزْء ,(ذكر من اسْمه مُحَمَّد)
محمد الحموي, الْجُزْء ,(ذكر من اسْمه مُحَمَّد)
محمد الحنفي, الْجُزْء ,(ذكر من اسْمه مُحَمَّد)
محمد الحنوسي, الْجُزْء ,(ذكر من اسْمه مُحَمَّد)
محمد الخزرجي, الْجُزْء ,(ذكر من اسْمه مُحَمَّد)
محمد خسرو, الْجُزْء ,(ذكر من اسْمه مُحَمَّد)
محمد الخضري, الْجُزْء ,(ذكر من اسْمه مُحَمَّد)
محمد الخواص, الْجُزْء ,(ذكر من اسْمه مُحَمَّد)
محمد الذبحاني, الْجُزْء ,(ذكر من اسْمه مُحَمَّد)
محمد الراشدي, الْجُزْء ,(ذكر من اسْمه مُحَمَّد)
محمد الرملي, الْجُزْء ,(ذكر من اسْمه مُحَمَّد)
محمد الرياحي, الْجُزْء ,(ذكر من اسْمه مُحَمَّد)
محمد الزيموني, الْجُزْء ,(ذكر من اسْمه مُحَمَّد)
محمد الزرهوني, الْجُزْء ,(ذكر من اسْمه مُحَمَّد)
محمد السدار, الْجُزْء ,(ذكر من اسْمه مُحَمَّد)
محمدالسدار آخر, الْجُزْء ,(ذكر من اسْمه مُحَمَّد)
محمد السلاوى, الْجُزْء ,(ذكر من اسْمه مُحَمَّد)
محمد الNOAN, الْجُزْء ,(ذكر من اسْمه مُحَمَّد)
محمد الشاذلي, الْجُزْء ,(ذكر من اسْمه مُحَمَّد)
محمد الشامي, الْجُزْء ,(ذكر من اسْمه مُحَمَّد)
محمد الشريف, الْجُزْء ,(ذكر من اسْمه مُحَمَّد)
محمد الشفى, الْجُزْء ,(ذكر من اسْمه مُحَمَّد)
محمد الشويمي, الْجُزْء ,(ذكر من اسْمه مُحَمَّد)
محمد الشيرازي, الْجُزْء ,(ذكر من اسْمه مُحَمَّد)
محمد الصوفي, الْجُزْء ,(ذكر من اسْمه مُحَمَّد)
محمد العجمي, الْجُزْء ,(ذكر من اسْمه مُحَمَّد)
محمد فارصا, الْجُزْء ,(ذكر من اسْمه مُحَمَّد)
محمد القادري, الْجُزْء ,(ذكر من اسْمه مُحَمَّد)
محمد القباقبي, الْجُزْء ,(ذكر من اسْمه مُحَمَّد)
محمد القناوي, الْجُزْء ,(ذكر من اسْمه مُحَمَّد)
محمد الكردي, الْجُزْء ,(ذكر من اسْمه مُحَمَّد)
محمد الكومي, الْجُزْء ,(ذكر من اسْمه مُحَمَّد)
محمد الكويس, الْجُزْء ,(ذكر من اسْمه مُحَمَّد)
محمد الكيلاني, الْجُزْء ,(ذكر من اسْمه مُحَمَّد)
محمد الماروسي, الْجُزْء ,(ذكر من اسْمه مُحَمَّد)
محمد المرجي, الْجُزْء ,(ذكر من اسْمه مُحَمَّد)
محمد الحسنى, الْجُزْء ,(ذكر من اسْمه مُحَمَّد)
محمد المغربي, الْجُزْء ,(ذكر من اسْمه مُحَمَّد)
محمد الهبي, الْجُزْء ,(ذكر من اسْمه مُحَمَّد)
محمد الهروي, الْجُزْء ,(ذكر من اسْمه مُحَمَّد)
محمد الهلالي, الْجُزْء ,(ذكر من اسْمه مُحَمَّد)
محمد الواسطي, الْجُزْء ,(ذكر من اسْمه مُحَمَّد)
محمود بن, الْجُزْء ,(ذكر من اسْمه مَحْمُود)
محمود شاه, الْجُزْء ,(ذكر من اسْمه مَحْمُود)
محمود نب, الْجُزْء ,(ذكر من اسْمه مَحْمُود)
محمود الزين, الْجُزْء ,(ذكر من اسْمه مَحْمُود)
محمود الشرف, الْجُزْء ,(ذكر من اسْمه مَحْمُود)
محمود الشمس, الْجُزْء ,(ذكر من اسْمه مَحْمُود)
محمود ملاصفي, الْجُزْء ,(ذكر من اسْمه مَحْمُود)
محمود خان, الْجُزْء ,(ذكر من اسْمه مَحْمُود)
مخدم بن, الْجُزْء ,(ذكر من اسْمه مَحْمُود)
مخدوم بن, الْجُزْء ,(ذكر من اسْمه مَحْمُود)
مدلج بن, الْجُزْء ,(ذكر من اسْمه مَحْمُود)
مدين بن, الْجُزْء ,(ذكر من اسْمه مَحْمُود)
مراد بك, الْجُزْء ,(ذكر من اسْمه مَحْمُود)
المرتضى بن, الْجُزْء ,(ذكر من اسْمه مَحْمُود)
مرجان الأرفي, الْجُزْء ,(ذكر من اسْمه مَحْمُود)
مرجان التقوى, الْجُزْء ,(ذكر من اسْمه مَحْمُود)
مرجان الرومي, الْجُزْء ,(ذكر من اسْمه مَحْمُود)
مرجان العيني, الْجُزْء ,(ذكر من اسْمه مَحْمُود)
مرجان الزين, الْجُزْء ,(ذكر من اسْمه مَحْمُود)
مرزوق أبو, الْجُزْء ,(ذكر من اسْمه مَحْمُود)
مرزه شاه, الْجُزْء ,(ذكر من اسْمه مَحْمُود)
مرشد بن, الْجُزْء ,(ذكر من اسْمه مَحْمُود)
مرداد بن, الْجُزْء ,(ذكر من اسْمه مَحْمُود)
مرعى بن, الْجُزْء ,(ذكر من اسْمه مَحْمُود)
مساعد بن, الْجُزْء ,(ذكر من اسْمه مَحْمُود)
مسافر بن, الْجُزْء ,(ذكر من اسْمه مَحْمُود)
مسدد بن, الْجُزْء ,(ذكر من اسْمه مَحْمُود)
مسرور الحبشي, الْجُزْء ,(ذكر من اسْمه مَحْمُود)
مسعود بن, الْجُزْء ,(ذكر من اسْمه مَحْمُود)
مسعود الأزرق, الْجُزْء ,(ذكر من اسْمه مَحْمُود)
مسعود البركاتي, الْجُزْء ,(ذكر من اسْمه مَحْمُود)
مسعود الحبشي, الْجُزْء ,(ذكر من اسْمه مَحْمُود)
مسعود الصبحي, الْجُزْء ,(ذكر من اسْمه مَحْمُود)
مسلط بن, الْجُزْء ,(ذكر من اسْمه مَحْمُود)
مسلم ك+_محمد, الْجُزْء ,(ذكر من اسْمه مَحْمُود)
مسند بن, الْجُزْء ,(ذكر من اسْمه مَحْمُود)
مشترك القاسمي, الْجُزْء ,(ذكر من اسْمه مَحْمُود)
مشيط بن, الْجُزْء ,(ذكر من اسْمه مَحْمُود)
مشيعب بن, الْجُزْء ,(ذكر من اسْمه مَحْمُود)
مصباح الصوفي, الْجُزْء ,(ذكر من اسْمه مَحْمُود)
مصطفى بن, الْجُزْء ,(ذكر من اسْمه مَحْمُود)
مطرق نائب, الْجُزْء ,(ذكر من اسْمه مَحْمُود)
مطيرق بن, الْجُزْء ,(ذكر من اسْمه مَحْمُود)
مظفر بن, الْجُزْء ,(ذكر من اسْمه مَحْمُود)
معاذ بن, الْجُزْء ,(ذكر من اسْمه مَحْمُود)
معتوق بن, الْجُزْء ,(ذكر من اسْمه مَحْمُود)
معروف اليشبكي, الْجُزْء ,(ذكر من اسْمه مَحْمُود)
معزي بن, الْجُزْء ,(ذكر من اسْمه مَحْمُود)
معزي العمري, الْجُزْء ,(ذكر من اسْمه مَحْمُود)
معقل بن, الْجُزْء ,(ذكر من اسْمه مَحْمُود)
معمر ك+_محمد, الْجُزْء ,(ذكر من اسْمه مَحْمُود)
مغامس بن, الْجُزْء ,(ذكر من اسْمه مَحْمُود)
مغلباي طاز, الْجُزْء ,(ذكر من اسْمه مَحْمُود)
مغلباي الأبو, الْجُزْء ,(ذكر من اسْمه مَحْمُود)
مغلباي الأحمدي, الْجُزْء ,(ذكر من اسْمه مَحْمُود)
مغلباي الاشرفي, الْجُزْء ,(ذكر من اسْمه مَحْمُود)
مغلباي الجقمقي, الْجُزْء ,(ذكر من اسْمه مَحْمُود)
مغلباي الشريفي, الْجُزْء ,(ذكر من اسْمه مَحْمُود)
مغلباي الشهابي, الْجُزْء ,(ذكر من اسْمه مَحْمُود)
مغلباي الظاهري, الْجُزْء ,(ذكر من اسْمه مَحْمُود)
مفتاح أمين, الْجُزْء ,(ذكر من اسْمه مَحْمُود)
مفتاح الحبشي, الْجُزْء ,(ذكر من اسْمه مَحْمُود)
مفتاح أبو, الْجُزْء ,(ذكر من اسْمه مَحْمُود)
مفتاح السحرتي, الْجُزْء ,(ذكر من اسْمه مَحْمُود)
مفتاح الطواشي, الْجُزْء ,(ذكر من اسْمه مَحْمُود)
مفتاح عتيق, الْجُزْء ,(ذكر من اسْمه مَحْمُود)
مفلح بن, الْجُزْء ,(ذكر من اسْمه مَحْمُود)
مفلح الحبشي, الْجُزْء ,(ذكر من اسْمه مَحْمُود)
مفلح فتى, الْجُزْء ,(ذكر من اسْمه مَحْمُود)
مقبل بن, الْجُزْء ,(ذكر من اسْمه مَحْمُود)
مقبل الزين, الْجُزْء ,(ذكر من اسْمه مَحْمُود)
مقدم بن, الْجُزْء ,(ذكر من اسْمه مَحْمُود)
مكرد بن, الْجُزْء ,(ذكر من اسْمه مَحْمُود)
مكرم بن, الْجُزْء ,(ذكر من اسْمه مَحْمُود)
مكي بن, الْجُزْء ,(ذكر من اسْمه مَحْمُود)
ملج قيل, الْجُزْء ,(ذكر من اسْمه مَحْمُود)
ملج الظاهري, الْجُزْء ,(ذكر من اسْمه مَحْمُود)
ممجق ب+_ميمين, الْجُزْء ,(ذكر من اسْمه مَحْمُود)
ممجق النوروزي, الْجُزْء ,(ذكر من اسْمه مَحْمُود)
منصور بن, الْجُزْء ,(ذكر من اسْمه مَحْمُود)
منصور آخر, الْجُزْء ,(ذكر من اسْمه مَحْمُود)
منصور أبو, الْجُزْء ,(ذكر من اسْمه مَحْمُود)
منصور الجزيري, الْجُزْء ,(ذكر من اسْمه مَحْمُود)
منصور الحكيم, الْجُزْء ,(ذكر من اسْمه مَحْمُود)
منكلى بغا, الْجُزْء ,(ذكر من اسْمه مَحْمُود)
منير الزين, الْجُزْء ,(ذكر من اسْمه مَحْمُود)
منير بن, الْجُزْء ,(ذكر من اسْمه مَحْمُود)
منيع بن, الْجُزْء ,(ذكر من اسْمه مَحْمُود)
مهار بن, الْجُزْء ,(ذكر من اسْمه مَحْمُود)
مهدي الذويد, الْجُزْء ,(ذكر من اسْمه مَحْمُود)
مهنا بن, الْجُزْء ,(ذكر من اسْمه مَحْمُود)
مهيزع بن, الْجُزْء ,(ذكر من اسْمه مَحْمُود)
موسى بن, الْجُزْء ,(ذكر من اسْمه مَحْمُود)
موسى الشرف, الْجُزْء ,(ذكر من اسْمه مَحْمُود)
موسى الصلاح, الْجُزْء ,(ذكر من اسْمه مَحْمُود)
موسى الطرابلسي, الْجُزْء ,(ذكر من اسْمه مَحْمُود)
موسى العتال, الْجُزْء ,(ذكر من اسْمه مَحْمُود)
موسى المغربي, الْجُزْء ,(ذكر من اسْمه مَحْمُود)
موسى اليمني, الْجُزْء ,(ذكر من اسْمه مَحْمُود)
موفق الحبشي, الْجُزْء ,(ذكر من اسْمه مَحْمُود)
ملازاده بن, الْجُزْء ,(ذكر من اسْمه مَحْمُود)
مياج بن, الْجُزْء ,(ذكر من اسْمه مَحْمُود)
ميخائيل بن, الْجُزْء ,(ذكر من اسْمه مَحْمُود)
نابت بن, الْجُزْء ,(حرف النُّون)
ناصر بن, الْجُزْء ,(حرف النُّون)
ناصر النوبي, الْجُزْء ,(حرف النُّون)
نأنق الاشرفي, الْجُزْء ,(حرف النُّون)
نأنق المحمدي, الْجُزْء ,(حرف النُّون)
ناصر المؤيدي, الْجُزْء ,(حرف النُّون)
نأنق الظاهري, الْجُزْء ,(حرف النُّون)
نبهان بن, الْجُزْء ,(حرف النُّون)
نبيل أبو, الْجُزْء ,(حرف النُّون)
نجم بن, الْجُزْء ,(حرف النُّون)
نجيب الهرموزي, الْجُزْء ,(حرف النُّون)
نسيم بن, الْجُزْء ,(حرف النُّون)
نصر الله, الْجُزْء ,(حرف النُّون)
نصر البزاوي, الْجُزْء ,(حرف النُّون)
نصر المغربي, الْجُزْء ,(حرف النُّون)
نعمان بن, الْجُزْء ,(حرف النُّون)
نعمة الله, الْجُزْء ,(حرف النُّون)
نعم الله, الْجُزْء ,(حرف النُّون)
نعمة بن, الْجُزْء ,(حرف النُّون)
نعير ب+_نون, الْجُزْء ,(حرف النُّون)
نعير بن, الْجُزْء ,(حرف النُّون)
نكباي الازدمري, الْجُزْء ,(حرف النُّون)
نوروز الاشرفي, الْجُزْء ,(حرف النُّون)
نوروز الحافظي, الْجُزْء ,(حرف النُّون)
نوروز الخضري, الْجُزْء ,(حرف النُّون)
نوروز الظاهري, الْجُزْء ,(حرف النُّون)
نوروز أحد, الْجُزْء ,(حرف النُّون)
نور الله, الْجُزْء ,(حرف النُّون)
نوكار الناصري, الْجُزْء ,(حرف النُّون)
نياز الحاجب, الْجُزْء ,(حرف النُّون)
هابيل بن, الْجُزْء ,(حرف الْهَاء)
الهادي بن, الْجُزْء ,(حرف الْهَاء)
هرون بن, الْجُزْء ,(حرف الْهَاء)
هرون الجبرتي, الْجُزْء ,(حرف الْهَاء)
هاشم بن, الْجُزْء ,(حرف الْهَاء)
هبة الله, الْجُزْء ,(حرف الْهَاء)
هبة المغربي, الْجُزْء ,(حرف الْهَاء)
هجار بن, الْجُزْء ,(حرف الْهَاء)
هزاع بن, الْجُزْء ,(حرف الْهَاء)
هلمان بن, الْجُزْء ,(حرف الْهَاء)
همام ك+_ذلك, الْجُزْء ,(حرف الْهَاء)
همبلة بن, الْجُزْء ,(حرف الْهَاء)
هود بن, الْجُزْء ,(حرف الْهَاء)
هيازع بن, الْجُزْء ,(حرف الْهَاء)
هيزع بن, الْجُزْء ,(حرف الْهَاء)
وبير بن, الْجُزْء ,(حرف الْوَاو)
ودي ب+_ضم, الْجُزْء ,(حرف الْوَاو)
وردبش و+_يقال, الْجُزْء ,(حرف الْوَاو)
وريور أحد, الْجُزْء ,(حرف الْوَاو)
وفا بن, الْجُزْء ,(حرف الْوَاو)
ولي الرومي, الْجُزْء ,(حرف الْوَاو)
وهبة تقي, الْجُزْء ,(حرف الْوَاو)
لاجين الجركسي, الْجُزْء ,(حرف اللَّام ألف)
يس بن, الْجُزْء ,(حرف الْيَاء الْأَخِيرَة)
ياقوت افتخار, الْجُزْء ,(حرف الْيَاء الْأَخِيرَة)
ياقوت الارغو, الْجُزْء ,(حرف الْيَاء الْأَخِيرَة)
ياقوت الباسطي, الْجُزْء ,(حرف الْيَاء الْأَخِيرَة)
ياقوت الحبشي, الْجُزْء ,(حرف الْيَاء الْأَخِيرَة)
ياقوت الرحبي, الْجُزْء ,(حرف الْيَاء الْأَخِيرَة)
ياقوت السخاوي, الْجُزْء ,(حرف الْيَاء الْأَخِيرَة)
ياقوت العقيلي, الْجُزْء ,(حرف الْيَاء الْأَخِيرَة)
ياقوت الغياثي, الْجُزْء ,(حرف الْيَاء الْأَخِيرَة)
ياقوت مولى, الْجُزْء ,(حرف الْيَاء الْأَخِيرَة)
ياقوت عتيق, الْجُزْء ,(حرف الْيَاء الْأَخِيرَة)
يحيى بن, الْجُزْء ,(من اسْمه يحيى)
يحبى بن, الْجُزْء ,(من اسْمه يحيى)
يحيى كور, الْجُزْء ,(من اسْمه يحيى)
يحيى من, الْجُزْء ,(من اسْمه يحيى)
يحيبى بن, الْجُزْء ,(من اسْمه يحيى)
محمد بن, الْجُزْء ,(من اسْمه يحيى)
يحيى ابن, الْجُزْء ,(من اسْمه يحيى)
يحيى كاتب, الْجُزْء ,(من اسْمه يحيى)
يحيى الشرف, الْجُزْء ,(من اسْمه يحيى)
يحيى محيي, الْجُزْء ,(من اسْمه يحيى)
يحيى البجيلي, الْجُزْء ,(من اسْمه يحيى)
يحيى الشامي, الْجُزْء ,(من اسْمه يحيى)
يحيى المغربي, الْجُزْء ,(من اسْمه يحيى)
يحيى الهواري, الْجُزْء ,(من اسْمه يحيى)
يخشباي المؤيدي, الْجُزْء ,(من اسْمه يحيى)
يربغا دوادار, الْجُزْء ,(من اسْمه يحيى)
يربغا أحد, الْجُزْء ,(من اسْمه يحيى)
برشباي الاينالي, الْجُزْء ,(من اسْمه يحيى)
يرش الدواداري, الْجُزْء ,(من اسْمه يحيى)
يزيد بن, الْجُزْء ,(من اسْمه يحيى)
يشبك بن, الْجُزْء ,(من اسْمه يحيى)
يشبك من, الْجُزْء ,(من اسْمه يحيى)
يشبك الانالي, الْجُزْء ,(من اسْمه يحيى)
يشبك الاسحاقي, الْجُزْء ,(من اسْمه يحيى)
يشبك الاشرفي, الْجُزْء ,(من اسْمه يحيى)
يشبك الباسطي, الْجُزْء ,(من اسْمه يحيى)
يشبك باش, الْجُزْء ,(من اسْمه يحيى)
يشبك البجاسي, الْجُزْء ,(من اسْمه يحيى)
يشبك الجكمي, الْجُزْء ,(من اسْمه يحيى)
يشبك الجمالي, الْجُزْء ,(من اسْمه يحيى)
يشبك جنب, الْجُزْء ,(من اسْمه يحيى)
يشبك الحمزاوي, الْجُزْء ,(من اسْمه يحيى)
يشبك الساقي, الْجُزْء ,(من اسْمه يحيى)
يشبك السودوني, الْجُزْء ,(من اسْمه يحيى)
يشبك الشعباني, الْجُزْء ,(من اسْمه يحيى)
يشبك طاز, الْجُزْء ,(من اسْمه يحيى)
يشبك الظاهري, الْجُزْء ,(من اسْمه يحيى)
يشبك العثماني, الْجُزْء ,(من اسْمه يحيى)
يشبك القرمي, الْجُزْء ,(من اسْمه يحيى)
يشبك الكركي, الْجُزْء ,(من اسْمه يحيى)
يشبك المشد, الْجُزْء ,(من اسْمه يحيى)
يشبك الموساوي, الْجُزْء ,(من اسْمه يحيى)
يشبك أخو, الْجُزْء ,(من اسْمه يحيى)
يشبك أمير, الْجُزْء ,(من اسْمه يحيى)
يشبك حاجب, الْجُزْء ,(من اسْمه يحيى)
يعقوب شاه, الْجُزْء ,(من اسْمه يحيى)
يعقوب بن, الْجُزْء ,(من اسْمه يحيى)
يعقوب بك, الْجُزْء ,(من اسْمه يحيى)
يعقوب المجد, الْجُزْء ,(من اسْمه يحيى)
يعقوب الحصن, الْجُزْء ,(من اسْمه يحيى)
يعقوب الزعبي, الْجُزْء ,(من اسْمه يحيى)
يعمر بن, الْجُزْء ,(من اسْمه يحيى)
يعيش بن, الْجُزْء ,(من اسْمه يحيى)
يعيش المغربي, الْجُزْء ,(من اسْمه يحيى)
يلباي الخازنداري, الْجُزْء ,(من اسْمه يحيى)
يلباي الاينالي, الْجُزْء ,(من اسْمه يحيى)
يلبغا البهائي, الْجُزْء ,(من اسْمه يحيى)
يلبغا التركي, الْجُزْء ,(من اسْمه يحيى)
يلبغا أبو, الْجُزْء ,(من اسْمه يحيى)
يلبغا السودوني, الْجُزْء ,(من اسْمه يحيى)
يلبغا الكزلي, الْجُزْء ,(من اسْمه يحيى)
يلبغا المنجكي, الْجُزْء ,(من اسْمه يحيى)
يلبغا المؤيدي, الْجُزْء ,(من اسْمه يحيى)
يلبغا الناصري, الْجُزْء ,(من اسْمه يحيى)
يلخجا من, الْجُزْء ,(من اسْمه يحيى)
ينتمر المحمدي, الْجُزْء ,(من اسْمه يحيى)
يوسف بن, الْجُزْء ,(من اسْمه يحيى)
يوسف بك, الْجُزْء ,(من اسْمه يحيى)
يوسف الجمال, الْجُزْء ,(من اسْمه يحيى)
يوسف القطب, الْجُزْء ,(من اسْمه يحيى)
يوسف النجم, الْجُزْء ,(من اسْمه يحيى)
يوسف شاه, الْجُزْء ,(من اسْمه يحيى)
يوسف أبو, الْجُزْء ,(من اسْمه يحيى)
يوسف الدباغ, الْجُزْء ,(من اسْمه يحيى)
يوسف الرومي, الْجُزْء ,(من اسْمه يحيى)
يوسف الزيني, الْجُزْء ,(من اسْمه يحيى)
يوسف السليماني, الْجُزْء ,(من اسْمه يحيى)
يوسف المدوني, الْجُزْء ,(من اسْمه يحيى)
يوسف الهدباني, الْجُزْء ,(من اسْمه يحيى)
يوسف اليمني, الْجُزْء ,(من اسْمه يحيى)
يونس بن, الْجُزْء ,(من اسْمه يحيى)
يونس الاقباي, الْجُزْء ,(من اسْمه يحيى)
يونس الظاهري, الْجُزْء ,(من اسْمه يحيى)
يونس الركني, الْجُزْء ,(من اسْمه يحيى)
يونس العلائي, الْجُزْء ,(من اسْمه يحيى)
يونس المزين, الْجُزْء ,(من اسْمه يحيى)
يونس أحد, الْجُزْء ,(من اسْمه يحيى)
يونس مملوك, الْجُزْء ,(من اسْمه يحيى)
و+_أذكر فيه,كتاب الكنى,(من اسْمه يحيى)
أبو إبراهيم,كتاب الكنى,(حرف الْألف)
أبو البركات,كتاب الكنى,(حرف الْبَاء الْمُوَحدَة)
أبو البقاء,كتاب الكنى,(حرف الْبَاء الْمُوَحدَة)
أبو بكر,كتاب الكنى,(حرف الْبَاء الْمُوَحدَة)
بن محمد,كتاب الكنى,(حرف الْبَاء الْمُوَحدَة)
أبو التقى,كتاب الكنى,(حرف التَّاء الْمُثَنَّاة)
أبو جعفر,كتاب الكنى,(حرف الْجِيم)
أبو حاتم,كتاب الكنى,(حرف الْحَاء الْمُهْملَة)
أبو حامد,كتاب الكنى,(حرف الْحَاء الْمُهْملَة)
أبو الحجاج,كتاب الكنى,(حرف الْحَاء الْمُهْملَة)
أبو الحرم,كتاب الكنى,(حرف الْحَاء الْمُهْملَة)
أبو الحسن,كتاب الكنى,(حرف الْحَاء الْمُهْملَة)
أبو الخير,كتاب الكنى,(حرف الْخَاء الْمُعْجَمَة)
,كتاب الكنى,(حرف الدَّال الْمُهْملَة)
أبو ذر,كتاب الكنى,(حرف الذَّال الْمُعْجَمَة)
أبو الرجا,كتاب الكنى,(حرف الرَّاء الْمُهْملَة)
أبو زرعه,كتاب الكنى,(حرف الزَّاي)
أبو زيد,كتاب الكنى,(حرف الزَّاي)
أبو السرور,كتاب الكنى,(حرف السِّين الْمُهْملَة)
أبو السعادات,كتاب الكنى,(حرف السِّين الْمُهْملَة)
أبو سعد,كتاب الكنى,(حرف السِّين الْمُهْملَة)
أبو السعود,كتاب الكنى,(حرف السِّين الْمُهْملَة)
أبو سعيد,كتاب الكنى,(حرف السِّين الْمُهْملَة)
أبو شعر,كتاب الكنى,(حرف الشين الْمُعْجَمَة)
أبو الشفا,كتاب الكنى,(حرف الشين الْمُعْجَمَة)
أبو الصفا,كتاب الكنى,(حرف الصَّاد الْمُهْملَة)
أبو الطاهر,كتاب الكنى,(حرف الطَّاء الْمُهْملَة)
أبو الطيب,كتاب الكنى,(حرف الطَّاء الْمُهْملَة)
أبو العباس,كتاب الكنى,(حرف الْعين الْمُهْملَة)
أبو عبد,كتاب الكنى,(حرف الْعين الْمُهْملَة)
أبو غالب,كتاب الكنى,(حرف الْغَيْن الْمُعْجَمَة)
أبو الغيث,كتاب الكنى,(حرف الْغَيْن الْمُعْجَمَة)
أبو فارس,كتاب الكنى,(حرف الْفَاء)
أبو الفتح,كتاب الكنى,(حرف الْفَاء)
أبو الفرج,كتاب الكنى,(حرف الْفَاء)
أبو الفضائل,كتاب الكنى,(حرف الْفَاء)
أبو الفضل,كتاب الكنى,(حرف الْفَاء)
أبو الفوز,كتاب الكنى,(حرف الْفَاء)
أبو القسم,كتاب الكنى,(حرف الْقَاف)
أبو القاسم,كتاب الكنى,(حرف الْقَاف)
أبو كامل,كتاب الكنى,(حرف الْكَاف)
أبو الكرم,كتاب الكنى,(حرف الْكَاف)
أبو اللطف,كتاب الكنى,(حرف اللَّام)
أبو المحاسن,كتاب الكنى,(حرف الْمِيم)
أبو المراحم,كتاب الكنى,(حرف الْمِيم)
أبو مساعد,كتاب الكنى,(حرف الْمِيم)
أبو المكارم,كتاب الكنى,(حرف الْمِيم)
أبو المنصور,كتاب الكنى,(حرف الْمِيم)
أبو نافع,كتاب الكنى,(حرف النُّون)
أبو النجا,كتاب الكنى,(حرف النُّون)
أبو الهائم,كتاب الكنى,(حرف الْهَاء)
أبو ألوفا,كتاب الكنى,(حرف الْوَاو)
و+_أبو ألوفا,كتاب الكنى,(حرف الْوَاو)
أبو لاطية,كتاب الكنى,(حرف اللَّام وَألف)
أبو يحيى,كتاب الكنى,(حرف الْيَاء)
أبو يزيد,كتاب الكنى,(حرف الْيَاء)
أبو اليسر,كتاب الكنى,(حرف الْيَاء)
أبو اليمن,كتاب الكنى,(حرف الْيَاء)
و+_بدأت منها,كتاب الألقاب,(حرف الْيَاء)
أسد الدين,كتاب الألقاب,(حرف الْيَاء)
أصيل الدين,كتاب الألقاب,(حرف الْيَاء)
أمين الدين,كتاب الألقاب,(حرف الْيَاء)
بدر الدين,كتاب الألقاب,(حرف الْبَاء الْمُوَحدَة)
تاج الدين,كتاب الألقاب,(حرف التَّاء الْمُثَنَّاة)
تقي الدين,كتاب الألقاب,(حرف التَّاء الْمُثَنَّاة)
جلال الدين,كتاب الألقاب,(حرف الْجِيم)
جمالد الدين,كتاب الألقاب,(حرف الْجِيم)
حافظ الدين,كتاب الألقاب,(حرف الْحَاء الْمُهْملَة)
خير الدين,كتاب الألقاب,(حرف الْخَاء الْمُعْجَمَة)
رضي الدين,كتاب الألقاب,(حرف الرَّاء الْمُهْملَة)
زكي الدين,كتاب الألقاب,(حرف الزاي)
زين الدين,كتاب الألقاب,(حرف الزاي)
عمر بن,كتاب الألقاب,(حرف الزاي)
سعد الدين,كتاب الألقاب,(حرف الزاي)
شرف الدين,كتاب الألقاب,(حرف الشين الْمُعْجَمَة)
شمس الدين,كتاب الألقاب,(حرف الشين الْمُعْجَمَة)
شهاب الدين,كتاب الألقاب,(حرف الشين الْمُعْجَمَة)
الصدر بن,كتاب الألقاب,(حرف الصَّاد الْمُهْملَة)
صلاح الدين,كتاب الألقاب,(حرف الصَّاد الْمُهْملَة)
و+_صلاح البزاز,كتاب الألقاب,(حرف الصَّاد الْمُهْملَة)
الضياء بن,كتاب الألقاب,(حرف الضَّاد الْمُعْجَمَة)
ضيا الدين,كتاب الألقاب,(حرف الضَّاد الْمُعْجَمَة)
ظهير الدين,كتاب الألقاب,(حرف الظَّاء الْمُعْجَمَة)
عز الدين,كتاب الألقاب,(حرف الْعين الْمُهْملَة)
علاء الدين,كتاب الألقاب,(حرف الْعين الْمُهْملَة)
علم الدين,كتاب الألقاب,(حرف الْعين الْمُهْملَة)
عماد الدين,كتاب الألقاب,(حرف الْعين الْمُهْملَة)
غياث الدين,كتاب الألقاب,(حرف الْغَيْن الْمُعْجَمَة)
فتح الدين,كتاب الألقاب,(حرف الْفَاء)
فخر الدين,كتاب الألقاب,(حرف الْفَاء)
قطب الدين,كتاب الألقاب,(حرف الْقَاف)
قياس الدين,كتاب الألقاب,(حرف الْقَاف)
كريم الدين,كتاب الألقاب,(حرف الْكَاف)
الكمال بن,كتاب الألقاب,(حرف الْكَاف)
لسان الدين,كتاب الألقاب,(حرف اللَّام)
محد الدين,كتاب الألقاب,(حرف الْمِيم)
محب الدين,كتاب الألقاب,(حرف الْمِيم)
محيي الدين,كتاب الألقاب,(حرف الْمِيم)
معين الدين,كتاب الألقاب,(حرف الْمِيم)
موفق الدين,كتاب الألقاب,(حرف الْمِيم)
ناضر الدين,كتاب الألقاب,(حرف النُّون)
نجم الدين,كتاب الألقاب,(حرف النُّون)
نور الدين,كتاب الألقاب,(حرف النُّون)
همام الدين,كتاب الألقاب,(حرف الْهَاء)
وجيه الدين,كتاب الألقاب,(حرف الْوَاو)
ولي الدين,كتاب الألقاب,(حرف الْوَاو)
,كتاب الألقاب,(فصل فِي ثَانِي قسمي الألقاب)
استادار الأغوار,كتاب الألقاب,(الْهمزَة)
أمير ركب,كتاب الألقاب,(الْهمزَة)
باكير أبو,كتاب الألقاب,(الْبَاء الْمُوَحدَة)
بولاد العجمي,كتاب الألقاب,(الْبَاء الْمُوَحدَة)
التاجر أبو,كتاب الألقاب,(الْمُثَنَّاة)
الثور الشاهد,كتاب الألقاب,(الْمُثَلَّثَة)
جحا الخانكي,كتاب الألقاب,(الْجِيم)
الحافظ لقب,كتاب الألقاب,(الْحَاء الْمُهْملَة)
الحداد أبو,كتاب الألقاب,(الْحَاء الْمُهْملَة)
الحطي ملك,كتاب الألقاب,(الْحَاء الْمُهْملَة)
خادم جعفر,كتاب الألقاب,(الْخَاء الْمُعْجَمَة)
خادم الربعة,كتاب الألقاب,(الْخَاء الْمُعْجَمَة)
خال ابن,كتاب الألقاب,(الْخَاء الْمُعْجَمَة)
الخطيب الزائر,كتاب الألقاب,(الْخَاء الْمُعْجَمَة)
خطيب قرتيا,كتاب الألقاب,(الْخَاء الْمُعْجَمَة)
خطيب المشهد,كتاب الألقاب,(الْخَاء الْمُعْجَمَة)
الخلوف المغربي,كتاب الألقاب,(الْخَاء الْمُعْجَمَة)
الدبيب أحمد,كتاب الألقاب,(الدَّال الْمُهْملَة)
الذاكر محمد,كتاب الألقاب,(الذَّال الْمُعْجَمَة)
راحات على,كتاب الألقاب,(الرَّاء الْمُهْملَة)
الزاهد أحمد,كتاب الألقاب,(الزَّاي المنقوطة)
زين العابدين,كتاب الألقاب,(الزَّاي المنقوطة)
سبط ابن,كتاب الألقاب,(حرف السِّين الْمُهْملَة)
سلطان كلبرجة,كتاب الألقاب,(حرف السِّين الْمُهْملَة)
الشاب التائب,كتاب الألقاب,(الشين الْمُعْجَمَة)
شرف الNOAN,كتاب الألقاب,(الشين الْمُعْجَمَة)
الشريف ابن,كتاب الألقاب,(الشين الْمُعْجَمَة)
شيخ الحديدة,كتاب الألقاب,(الشين الْمُعْجَمَة)
الصاحب غير,كتاب الألقاب,(حرف الصَّاد الْمُهْملَة)
صاحب قبرس,كتاب الألقاب,(حرف الصَّاد الْمُهْملَة)
الصامت مات,كتاب الألقاب,(حرف الصَّاد الْمُهْملَة)
الضأني محمد,كتاب الألقاب,(الضَّاد الْمُعْجَمَة)
الطاهر كبير,كتاب الألقاب,(الطَّاء الْمُهْملَة)
الظاهر جماعة,كتاب الألقاب,(الظَّاء الْمُعْجَمَة)
العذول محمد,كتاب الألقاب,(الْعين الْمُهْملَة)
العريان الادهمي,كتاب الألقاب,(الْعين الْمُهْملَة)
الغطاس غفير,كتاب الألقاب,(الْغَيْن الْمُعْجَمَة)
الفار عبد,كتاب الألقاب,(الْفَاء)
قاصد الحبشة,كتاب الألقاب,(حرف الْقَاف)
قاضي الجزيرة,كتاب الألقاب,(حرف الْقَاف)
كاتب السر,كتاب الألقاب,(الْكَاف)
لاطونة البزاز,كتاب الألقاب,(حرف اللَّام)
الماعز على,كتاب الألقاب,(حرف الْمِيم)
موقت الخليل,كتاب الألقاب,(حرف الْمِيم)
الناصر فرج,كتاب الألقاب,(حرف النُّون)
الهائم الشهاب,كتاب الألقاب,(حرف الْهَاء)
والي الفيوم,كتاب الألقاب,(حرف الْوَاو)
و+_هي أيضا,(كتاب الْأَنْسَاب),(حرف الْوَاو)
الآثاري جماعة,(كتاب الْأَنْسَاب),(حرف الْألف)
الباحسيتي نسبة,(كتاب الْأَنْسَاب),(حرف الْبَاء الْمُوَحدَة)
التادفي التباني,(كتاب الْأَنْسَاب),(حرف التَّاء الْمُثَنَّاة)
الجاجرمي ب+_فتح,(كتاب الْأَنْسَاب),(حرف الْجِيم)
الحاجبي نسبة,(كتاب الْأَنْسَاب),(حرف الْحَاء الْمُهْملَة)
الخالدي نسبة,(كتاب الْأَنْسَاب),(حرف الْخَاء الْمُعْجَمَة)
الداودي نسبة,(كتاب الْأَنْسَاب),(حرف الدَّال الْمُهْملَة)
الذروي ب+_كسر,(كتاب الْأَنْسَاب),(حرف الذَّال الْمُعْجَمَة)
الرازي نسبة,(كتاب الْأَنْسَاب),(حرف الرَّاء الْمُهْملَة)
الزبيدي ب+_الفتح,(كتاب الْأَنْسَاب),(حرف الزَّاي المنقوطة)
الNOAN نسبة,(كتاب الْأَنْسَاب),(حرف السِّين الْمُهْملَة)
الشاذلي نسبة,(كتاب الْأَنْسَاب),(حرف الشين الْمُعْجَمَة)
الصابوني و+_العلاء,(كتاب الْأَنْسَاب),(حرف الصَّاد الْمُهْملَة)
الضأني على,(كتاب الْأَنْسَاب),(حرف الضَّاد الْمُعْجَمَة)
الطاوسي عبد,(كتاب الْأَنْسَاب),(حرف الطَّاء الْمُهْملَة)
الظاهري نسبة,(كتاب الْأَنْسَاب),(حرف الظَّاء الْمُعْجَمَة)
العاصفي محمد,(كتاب الْأَنْسَاب),(حرف الْعين الْمُهْملَة)
الغاني نسبة,(كتاب الْأَنْسَاب),(حرف الْغَيْن الْمُعْجَمَة)
الفاجوري نسبة,(كتاب الْأَنْسَاب),(حرف الْفَاء)
القادري جماعة,(كتاب الْأَنْسَاب),(حرف الْقَاف)
الكازروني ب+_فتح,(كتاب الْأَنْسَاب),(حرف الْكَاف)
اللبودي في,(كتاب الْأَنْسَاب),(حرف اللَّام)
الماحوزي ب+_مهملة,(كتاب الْأَنْسَاب),(حرف الْمِيم)
النابتي عبد,(كتاب الْأَنْسَاب),(حرف النُّون)
الهاروني نسبة,(كتاب الْأَنْسَاب),(حرف الْهَاء)
الواسطي نسبة,(كتاب الْأَنْسَاب),(حرف الْوَاو)
الياسوفي ب+_مهملة,(كتاب الْأَنْسَاب),(حرف الْيَاء الْأَخِيرَة)
و+_قد أدرجته,(كتاب الْأَنْسَاب),(الْقسم الثَّانِي)
ابن الآبار,(كتاب من عرف بِابْن فلَان),(الْقسم الثَّانِي)
ابن البابا,(كتاب من عرف بِابْن فلَان),(حرف الْبَاء الْمُوَحدَة)
ابن التاجر,(كتاب من عرف بِابْن فلَان),(حرف التَّاء الْمُثَنَّاة)
ابن ثابت,(كتاب من عرف بِابْن فلَان),(حرف الثَّاء الْمُثَلَّثَة)
ابن جابي,(كتاب من عرف بِابْن فلَان),(حرف الْجِيم)
ابن الحاجب,(كتاب من عرف بِابْن فلَان),(حرف الْحَاء الْمُهْملَة)
ابن الخازن,(كتاب من عرف بِابْن فلَان),(حرف الْخَاء الْمُعْجَمَة)
ابن داود,(كتاب من عرف بِابْن فلَان),(حرف الدَّال)
ابن ذاكر,(كتاب من عرف بِابْن فلَان),(حرف الذَّال الْمُعْجَمَة)
ابن راشد,(كتاب من عرف بِابْن فلَان),(حرف الرَّاء الْمُهْملَة)
ابن الزاهد,(كتاب من عرف بِابْن فلَان),(حرف الزَّاي المنقوطة)
ابن السابق,(كتاب من عرف بِابْن فلَان),(حرف السِّين الْمُهْملَة)
ابن شاذي,(كتاب من عرف بِابْن فلَان),(حرف الشين الْمُعْجَمَة)
ابن الصابوني,(كتاب من عرف بِابْن فلَان),(حرف الصَّاد الْمُهْملَة)
ابن الضعيف,(كتاب من عرف بِابْن فلَان),(حرف الضَّاد الْمُعْجَمَة)
ابن طاهر,(كتاب من عرف بِابْن فلَان),(حرف الطَّاء الْمُهْملَة)
ابن ل+_الظاهر,(كتاب من عرف بِابْن فلَان),(حرف الظَّاء الْمُعْجَمَة)
ابن عابد,(كتاب من عرف بِابْن فلَان),(حرف الْعين الْمُهْملَة)
ابن غازي,(كتاب من عرف بِابْن فلَان),(حرف الْغَيْن الْمُعْجَمَة)
ابن فاضل,(كتاب من عرف بِابْن فلَان),(حرف الْفَاء)
ابن قاسم,(كتاب من عرف بِابْن فلَان),(حرف الْقَاف)
ابن كاتب,(كتاب من عرف بِابْن فلَان),(حرف الْكَاف)
ابن اللبان,(كتاب من عرف بِابْن فلَان),(حرف اللَّام)
ابن مباركشاه,(كتاب من عرف بِابْن فلَان),(حرف الْمِيم)
ابن ناجي,(كتاب من عرف بِابْن فلَان),(حرف النُّون)
ابن هاشم,(كتاب من عرف بِابْن فلَان),(حرف الْهَاء)
ابن والي,(كتاب من عرف بِابْن فلَان),(حرف الْوَاو)
ابن ياسين,(كتاب من عرف بِابْن فلَان),(حرف الْيَاء الْأَخِيرَة)
ولد ابن,(كتاب من عرف بِابْن فلَان),فصل
أخو حذيفة,(كتاب من عرف بِابْن فلَان),فصل
,(كتاب من عرف بِابْن فلَان),فصل
,كتاب مُعْجم النِّسَاء,فصل
أسيه ابنة,كتاب مُعْجم النِّسَاء,(حرف الْهمزَة)
أمنه ابنة,كتاب مُعْجم النِّسَاء,(حرف الْهمزَة)
أمنه و+_تدعى,كتاب مُعْجم النِّسَاء,(حرف الْهمزَة)
أبرك السنين,كتاب مُعْجم النِّسَاء,(حرف الْهمزَة)
أردباي الجركسية,كتاب مُعْجم النِّسَاء,(حرف الْهمزَة)
ارطو زوج,كتاب مُعْجم النِّسَاء,(حرف الْهمزَة)
أزدان روميه,كتاب مُعْجم النِّسَاء,(حرف الْهمزَة)
أسماء ابنة,كتاب مُعْجم النِّسَاء,(حرف الْهمزَة)
أصيلة المولدة,كتاب مُعْجم النِّسَاء,(حرف الْهمزَة)
أصيل ابنة,كتاب مُعْجم النِّسَاء,(حرف الْهمزَة)
أطلس ابنة,كتاب مُعْجم النِّسَاء,(حرف الْهمزَة)
إقليم شاه,كتاب مُعْجم النِّسَاء,(حرف الْهمزَة)
إقليم شيخه,كتاب مُعْجم النِّسَاء,(حرف الْهمزَة)
ألف ابنة,كتاب مُعْجم النِّسَاء,(حرف الْهمزَة)
أمة الجبار,كتاب مُعْجم النِّسَاء,(حرف الْهمزَة)
أمة الخالق,كتاب مُعْجم النِّسَاء,(حرف الْهمزَة)
أمة العزيز,كتاب مُعْجم النِّسَاء,(حرف الْهمزَة)
أمة القاهر,كتاب مُعْجم النِّسَاء,(حرف الْهمزَة)
أمة الكريم,كتاب مُعْجم النِّسَاء,(حرف الْهمزَة)
أمة اللطيف,كتاب مُعْجم النِّسَاء,(حرف الْهمزَة)
أمة الله,كتاب مُعْجم النِّسَاء,(حرف الْهمزَة)
أمة الواحد,كتاب مُعْجم النِّسَاء,(حرف الْهمزَة)
أنس ابنة,كتاب مُعْجم النِّسَاء,(حرف الْهمزَة)
أنعام الجليل,كتاب مُعْجم النِّسَاء,(حرف الْهمزَة)
أي ملك,كتاب مُعْجم النِّسَاء,(حرف الْهمزَة)
ب+_أي خاتون,كتاب مُعْجم النِّسَاء,(حرف الْبَاء الْمُوَحدَة)
ب+_درية ابنة,كتاب مُعْجم النِّسَاء,(حرف الْبَاء الْمُوَحدَة)
ب+_دور ب+_ضم,كتاب مُعْجم النِّسَاء,(حرف الْبَاء الْمُوَحدَة)
بديعه ابنة,كتاب مُعْجم النِّسَاء,(حرف الْبَاء الْمُوَحدَة)
بركة ابنة,كتاب مُعْجم النِّسَاء,(حرف الْبَاء الْمُوَحدَة)
بغداد ابنة,كتاب مُعْجم النِّسَاء,(حرف الْبَاء الْمُوَحدَة)
بلغ المنى,كتاب مُعْجم النِّسَاء,(حرف الْبَاء الْمُوَحدَة)
بلقيس ابنة,كتاب مُعْجم النِّسَاء,(حرف الْبَاء الْمُوَحدَة)
بيبي راحات,كتاب مُعْجم النِّسَاء,(حرف الْبَاء الْمُوَحدَة)
بيبي شاه,كتاب مُعْجم النِّسَاء,(حرف الْبَاء الْمُوَحدَة)
بيرم ابنة,كتاب مُعْجم النِّسَاء,(حرف الْبَاء الْمُوَحدَة)
,كتاب مُعْجم النِّسَاء,(حرف التَّاء الْمُثَنَّاة)
تتر ابنة,كتاب مُعْجم النِّسَاء,(حرف التَّاء الْمُثَنَّاة)
تجار ابنة,كتاب مُعْجم النِّسَاء,(حرف التَّاء الْمُثَنَّاة)
تفاحة الحبشية,كتاب مُعْجم النِّسَاء,(حرف التَّاء الْمُثَنَّاة)
تندو ابنة,كتاب مُعْجم النِّسَاء,(حرف التَّاء الْمُثَنَّاة)
جان خاتون,كتاب مُعْجم النِّسَاء,(حرف الْجِيم)
جلبان ابنة,كتاب مُعْجم النِّسَاء,(حرف الْجِيم)
جنة ابنة,كتاب مُعْجم النِّسَاء,(حرف الْجِيم)
جوهرة الصغرى,كتاب مُعْجم النِّسَاء,(حرف الْجِيم)
جوهرة مستولدة,كتاب مُعْجم النِّسَاء,(حرف الْجِيم)
جوهرة الحبشية,كتاب مُعْجم النِّسَاء,(حرف الْجِيم)
جويرية ابنة,كتاب مُعْجم النِّسَاء,(حرف الْجِيم)
جورية ابنة,كتاب مُعْجم النِّسَاء,(حرف الْجِيم)
حاج ملك,كتاب مُعْجم النِّسَاء,(حرف الْحَاء الْمُهْملَة)
حبيبة الله,كتاب مُعْجم النِّسَاء,(حرف الْحَاء الْمُهْملَة)
حرز الأمان,كتاب مُعْجم النِّسَاء,(حرف الْحَاء الْمُهْملَة)
حزيمة ابنة,كتاب مُعْجم النِّسَاء,(حرف الْحَاء الْمُهْملَة)
حسناء ابنة,كتاب مُعْجم النِّسَاء,(حرف الْحَاء الْمُهْملَة)
حسنة كما,كتاب مُعْجم النِّسَاء,(حرف الْحَاء الْمُهْملَة)
حسن ب+_ضم,كتاب مُعْجم النِّسَاء,(حرف الْحَاء الْمُهْملَة)
حسيبة ك+_نفيسة,كتاب مُعْجم النِّسَاء,(حرف الْحَاء الْمُهْملَة)
حفصة ابنة,كتاب مُعْجم النِّسَاء,(حرف الْحَاء الْمُهْملَة)
حفصة المدعوة,كتاب مُعْجم النِّسَاء,(حرف الْحَاء الْمُهْملَة)
حكيمة ابنة,كتاب مُعْجم النِّسَاء,(حرف الْحَاء الْمُهْملَة)
حلة ابنة,كتاب مُعْجم النِّسَاء,(حرف الْحَاء الْمُهْملَة)
حليمة ابنة,كتاب مُعْجم النِّسَاء,(حرف الْحَاء الْمُهْملَة)
حليمة أم,كتاب مُعْجم النِّسَاء,(حرف الْحَاء الْمُهْملَة)
حنيفة ابنة,كتاب مُعْجم النِّسَاء,(حرف الْحَاء الْمُهْملَة)
حواء ابنة,كتاب مُعْجم النِّسَاء,(حرف الْحَاء الْمُهْملَة)
حوراء و+_ربما,كتاب مُعْجم النِّسَاء,(حرف الْحَاء الْمُهْملَة)
خاتون ابنة,كتاب مُعْجم النِّسَاء,(حرف الْخَاء الْمُعْجَمَة)
خاتون و+_اسمها,كتاب مُعْجم النِّسَاء,(حرف الْخَاء الْمُعْجَمَة)
خاص ابنة,كتاب مُعْجم النِّسَاء,(حرف الْخَاء الْمُعْجَمَة)
خديجة و+_تدعى,كتاب مُعْجم النِّسَاء,(حرف الْخَاء الْمُعْجَمَة)
خديجة ابنة,كتاب مُعْجم النِّسَاء,(حرف الْخَاء الْمُعْجَمَة)
خديجة المدعوة,كتاب مُعْجم النِّسَاء,(حرف الْخَاء الْمُعْجَمَة)
خديجة و+_تسمي,كتاب مُعْجم النِّسَاء,(حرف الْخَاء الْمُعْجَمَة)
خديجة الأنصارية,كتاب مُعْجم النِّسَاء,(حرف الْخَاء الْمُعْجَمَة)
خديجة الرحابية,كتاب مُعْجم النِّسَاء,(حرف الْخَاء الْمُعْجَمَة)
خديجة زوج,كتاب مُعْجم النِّسَاء,(حرف الْخَاء الْمُعْجَمَة)
خديجة المعروفة,كتاب مُعْجم النِّسَاء,(حرف الْخَاء الْمُعْجَمَة)
دكيكة الشريفة,كتاب مُعْجم النِّسَاء,(حرف الدَّال الْمُهْملَة)
دولات ب+_أي,كتاب مُعْجم النِّسَاء,(حرف الدَّال الْمُهْملَة)
ذابل الحبشية,كتاب مُعْجم النِّسَاء,(حرف الذَّال الْمُعْجَمَة)
رابحة ابنة,كتاب مُعْجم النِّسَاء,(حرف الرَّاء الْمُهْملَة)
رابعة ابنة,كتاب مُعْجم النِّسَاء,(حرف الرَّاء الْمُهْملَة)
رجب ابنة,كتاب مُعْجم النِّسَاء,(حرف الرَّاء الْمُهْملَة)
رحمه أمراه,كتاب مُعْجم النِّسَاء,(حرف الرَّاء الْمُهْملَة)
رقيه ابنة,كتاب مُعْجم النِّسَاء,(حرف الرَّاء الْمُهْملَة)
رقيه و+_تسمي,كتاب مُعْجم النِّسَاء,(حرف الرَّاء الْمُهْملَة)
ريا ابنة,كتاب مُعْجم النِّسَاء,(حرف الرَّاء الْمُهْملَة)
زاده خوندشاه,كتاب مُعْجم النِّسَاء,(حرف الزَّاي المنقوطة)
زاد الخير,كتاب مُعْجم النِّسَاء,(حرف الزَّاي المنقوطة)
زاهرة ابنة,كتاب مُعْجم النِّسَاء,(حرف الزَّاي المنقوطة)
زبيدة ابنة,كتاب مُعْجم النِّسَاء,(حرف الزَّاي المنقوطة)
زبيدة أختها,كتاب مُعْجم النِّسَاء,(حرف الزَّاي المنقوطة)
زليخا ابنة,كتاب مُعْجم النِّسَاء,(حرف الزَّاي المنقوطة)
زهراء التركية,كتاب مُعْجم النِّسَاء,(حرف الزَّاي المنقوطة)
زهور ابنة,كتاب مُعْجم النِّسَاء,(حرف الزَّاي المنقوطة)
زيلعة ابنة,كتاب مُعْجم النِّسَاء,(حرف الزَّاي المنقوطة)
زينب ابنة,كتاب مُعْجم النِّسَاء,(حرف الزَّاي المنقوطة)
أرخه ابن,كتاب مُعْجم النِّسَاء,(حرف الزَّاي المنقوطة)
زينب و+_تلقب,كتاب مُعْجم النِّسَاء,(حرف الزَّاي المنقوطة)
زينب أخت,كتاب مُعْجم النِّسَاء,(حرف الزَّاي المنقوطة)
زينب أم,كتاب مُعْجم النِّسَاء,(حرف الزَّاي المنقوطة)
زينه ابنة,كتاب مُعْجم النِّسَاء,(حرف الزَّاي المنقوطة)
زين خاتون,كتاب مُعْجم النِّسَاء,(حرف الزَّاي المنقوطة)
سادة ابنة,كتاب مُعْجم النِّسَاء,(حرف السِّين الْمُهْملَة)
ساره ابنة,كتاب مُعْجم النِّسَاء,(حرف السِّين الْمُهْملَة)
ست الأهل,كتاب مُعْجم النِّسَاء,(حرف السِّين الْمُهْملَة)
ست التجار,كتاب مُعْجم النِّسَاء,(حرف السِّين الْمُهْملَة)
ست التقى,كتاب مُعْجم النِّسَاء,(حرف السِّين الْمُهْملَة)
ست الجميع,كتاب مُعْجم النِّسَاء,(حرف السِّين الْمُهْملَة)
ست الخلفاء,كتاب مُعْجم النِّسَاء,(حرف السِّين الْمُهْملَة)
ست الشام,كتاب مُعْجم النِّسَاء,(حرف السِّين الْمُهْملَة)
ست الشرف,كتاب مُعْجم النِّسَاء,(حرف السِّين الْمُهْملَة)
ست العراق,كتاب مُعْجم النِّسَاء,(حرف السِّين الْمُهْملَة)
ست العرب,كتاب مُعْجم النِّسَاء,(حرف السِّين الْمُهْملَة)
ست العمائم,كتاب مُعْجم النِّسَاء,(حرف السِّين الْمُهْملَة)
ست العيدين,كتاب مُعْجم النِّسَاء,(حرف السِّين الْمُهْملَة)
ست قريش,كتاب مُعْجم النِّسَاء,(حرف السِّين الْمُهْملَة)
ست القضاة,كتاب مُعْجم النِّسَاء,(حرف السِّين الْمُهْملَة)
ست الكل,كتاب مُعْجم النِّسَاء,(حرف السِّين الْمُهْملَة)
فاطمة ابنة,كتاب مُعْجم النِّسَاء,(حرف السِّين الْمُهْملَة)
ست الملوك,كتاب مُعْجم النِّسَاء,(حرف السِّين الْمُهْملَة)
ست من,كتاب مُعْجم النِّسَاء,(حرف السِّين الْمُهْملَة)
ستيتة ابنة,كتاب مُعْجم النِّسَاء,(حرف السِّين الْمُهْملَة)
ستيتة المدعوة,كتاب مُعْجم النِّسَاء,(حرف السِّين الْمُهْملَة)
ستيت ب+_دون,كتاب مُعْجم النِّسَاء,(حرف السِّين الْمُهْملَة)
ستيت ابنة,كتاب مُعْجم النِّسَاء,(حرف السِّين الْمُهْملَة)
سعادات ابنة,كتاب مُعْجم النِّسَاء,(حرف السِّين الْمُهْملَة)
سعادة ابنة,كتاب مُعْجم النِّسَاء,(حرف السِّين الْمُهْملَة)
سعادة أم,كتاب مُعْجم النِّسَاء,(حرف السِّين الْمُهْملَة)
سعاد الحبشية,كتاب مُعْجم النِّسَاء,(حرف السِّين الْمُهْملَة)
سعاد زوجة,كتاب مُعْجم النِّسَاء,(حرف السِّين الْمُهْملَة)
سعاد أمة,كتاب مُعْجم النِّسَاء,(حرف السِّين الْمُهْملَة)
سعدانة ابنة,كتاب مُعْجم النِّسَاء,(حرف السِّين الْمُهْملَة)
سعيدة ابنة,كتاب مُعْجم النِّسَاء,(حرف السِّين الْمُهْملَة)
سعيدة و+_اسمها,كتاب مُعْجم النِّسَاء,(حرف السِّين الْمُهْملَة)
سعيدة الحبشية,كتاب مُعْجم النِّسَاء,(حرف السِّين الْمُهْملَة)
سلامة ابنة,كتاب مُعْجم النِّسَاء,(حرف السِّين الْمُهْملَة)
سلمه و+_تسمي,كتاب مُعْجم النِّسَاء,(حرف السِّين الْمُهْملَة)
سلمى ابنة,كتاب مُعْجم النِّسَاء,(حرف السِّين الْمُهْملَة)
سمراء ابنة,كتاب مُعْجم النِّسَاء,(حرف السِّين الْمُهْملَة)
سورباى الجركسية,كتاب مُعْجم النِّسَاء,(حرف السِّين الْمُهْملَة)
سول ربيت,كتاب مُعْجم النِّسَاء,(حرف السِّين الْمُهْملَة)
سوملك ابنة,كتاب مُعْجم النِّسَاء,(حرف السِّين الْمُهْملَة)
شاذنة ابنة,كتاب مُعْجم النِّسَاء,(حرف الشين الْمُعْجَمَة)
شبيثة ابنة,كتاب مُعْجم النِّسَاء,(حرف الشين الْمُعْجَمَة)
شرفية زوج,كتاب مُعْجم النِّسَاء,(حرف الشين الْمُعْجَمَة)
شريفة ابنة,كتاب مُعْجم النِّسَاء,(حرف الشين الْمُعْجَمَة)
شعثاء ابنة,كتاب مُعْجم النِّسَاء,(حرف الشين الْمُعْجَمَة)
شقراء ابنة,كتاب مُعْجم النِّسَاء,(حرف الشين الْمُعْجَمَة)
شكرباى الجركسية,كتاب مُعْجم النِّسَاء,(حرف الشين الْمُعْجَمَة)
شمامة ابنة,كتاب مُعْجم النِّسَاء,(حرف الشين الْمُعْجَمَة)
شمس الملوك,كتاب مُعْجم النِّسَاء,(حرف الشين الْمُعْجَمَة)
شمسية ابنة,كتاب مُعْجم النِّسَاء,(حرف الشين الْمُعْجَمَة)
شهده ابنة,كتاب مُعْجم النِّسَاء,(حرف الشين الْمُعْجَمَة)
شيرين الرومية,كتاب مُعْجم النِّسَاء,(حرف الشين الْمُعْجَمَة)
صالحة ابنة,كتاب مُعْجم النِّسَاء,حرف الصَّاد الْمُهْملَة
صفيه ابنة,كتاب مُعْجم النِّسَاء,حرف الصَّاد الْمُهْملَة
صفيه أخت,كتاب مُعْجم النِّسَاء,حرف الصَّاد الْمُهْملَة
ضوء الصباح,كتاب مُعْجم النِّسَاء,حرف الضَّاد الْمُعْجَمَة
ضيفه ابنة,كتاب مُعْجم النِّسَاء,حرف الضَّاد الْمُعْجَمَة
ططر ابنة,كتاب مُعْجم النِّسَاء,حرف الطَّاء الْمُهْملَة
ظريفا الصقلية,كتاب مُعْجم النِّسَاء,حرف الظَّاء الْمُعْجَمَة
عايده ابنة,كتاب مُعْجم النِّسَاء,حرف الْعين الْمُهْملَة
عابدة ابنة,كتاب مُعْجم النِّسَاء,حرف الْعين الْمُهْملَة
عاض الكريم,كتاب مُعْجم النِّسَاء,حرف الْعين الْمُهْملَة
عائشه ابنة,كتاب مُعْجم النِّسَاء,حرف الْعين الْمُهْملَة
عائشه المدعوة,كتاب مُعْجم النِّسَاء,حرف الْعين الْمُهْملَة
عائشه العجمية,كتاب مُعْجم النِّسَاء,حرف الْعين الْمُهْملَة
عزيزة ابنة,كتاب مُعْجم النِّسَاء,حرف الْعين الْمُهْملَة
عصمة ابنة,كتاب مُعْجم النِّسَاء,حرف الْعين الْمُهْملَة
علما ابنة,كتاب مُعْجم النِّسَاء,حرف الْعين الْمُهْملَة
علماء ابنة,كتاب مُعْجم النِّسَاء,حرف الْعين الْمُهْملَة
عمائم و+_تدعى,كتاب مُعْجم النِّسَاء,حرف الْعين الْمُهْملَة
عمائم ابنة,كتاب مُعْجم النِّسَاء,حرف الْعين الْمُهْملَة
عنقاء ابنة,كتاب مُعْجم النِّسَاء,حرف الْعين الْمُهْملَة
عيناء ابنة,كتاب مُعْجم النِّسَاء,حرف الْعين الْمُهْملَة
غالية ابنة,كتاب مُعْجم النِّسَاء,(حرف الْغَيْن الْمُعْجَمَة)
غزال أم,كتاب مُعْجم النِّسَاء,(حرف الْغَيْن الْمُعْجَمَة)
غزال الحبشية,كتاب مُعْجم النِّسَاء,(حرف الْغَيْن الْمُعْجَمَة)
غصون ابنة,كتاب مُعْجم النِّسَاء,(حرف الْغَيْن الْمُعْجَمَة)
ف+_أخته ابنة,كتاب مُعْجم النِّسَاء,(حرف الْفَاء)
فاطمة ابنة,كتاب مُعْجم النِّسَاء,(حرف الْفَاء)
فاطمة المدعوة,كتاب مُعْجم النِّسَاء,(حرف الْفَاء)
فاطمة الكبري,كتاب مُعْجم النِّسَاء,(حرف الْفَاء)
فاطمة الصغرى,كتاب مُعْجم النِّسَاء,(حرف الْفَاء)
فاطمة أنبه,كتاب مُعْجم النِّسَاء,(حرف الْفَاء)
فاطمة أم,كتاب مُعْجم النِّسَاء,(حرف الْفَاء)
فاطمة و+_تدعى,كتاب مُعْجم النِّسَاء,(حرف الْفَاء)
فاطمة أمراه,كتاب مُعْجم النِّسَاء,(حرف الْفَاء)
فائدة نزيله,كتاب مُعْجم النِّسَاء,(حرف الْفَاء)
فرح ابنة,كتاب مُعْجم النِّسَاء,(حرف الْفَاء)
فرج ابنة,كتاب مُعْجم النِّسَاء,(حرف الْفَاء)
فرج زوج,كتاب مُعْجم النِّسَاء,(حرف الْفَاء)
فرحة ابنة,كتاب مُعْجم النِّسَاء,(حرف الْفَاء)
ف+_ريعه ابنة,كتاب مُعْجم النِّسَاء,(حرف الْفَاء)
فضل العزيز,كتاب مُعْجم النِّسَاء,(حرف الْفَاء)
فقهاء ابنة,كتاب مُعْجم النِّسَاء,(حرف الْفَاء)
فوز ابنة,كتاب مُعْجم النِّسَاء,(حرف الْفَاء)
قانقز ابنة,كتاب مُعْجم النِّسَاء,(حرف الْقَاف)
قره العين,كتاب مُعْجم النِّسَاء,(حرف الْقَاف)
قطر الندى,كتاب مُعْجم النِّسَاء,(حرف الْقَاف)
قطلومك ابنة,كتاب مُعْجم النِّسَاء,(حرف الْقَاف)
قفجق ابنة,كتاب مُعْجم النِّسَاء,(حرف الْقَاف)
قندوله ابنة,كتاب مُعْجم النِّسَاء,(حرف الْقَاف)
قنقباى خوند,كتاب مُعْجم النِّسَاء,(حرف الْقَاف)
ك+_أذية الحبشية,كتاب مُعْجم النِّسَاء,(حرف الْكَاف)
كافية ابنة,كتاب مُعْجم النِّسَاء,(حرف الْكَاف)
ك+_حلا أم,كتاب مُعْجم النِّسَاء,(حرف الْكَاف)
كراي ابنة,كتاب مُعْجم النِّسَاء,(حرف الْكَاف)
ك+_زل ابنة,كتاب مُعْجم النِّسَاء,(حرف الْكَاف)
كلثم ابنة,كتاب مُعْجم النِّسَاء,(حرف الْكَاف)
كلثوم ابنة,كتاب مُعْجم النِّسَاء,(حرف الْكَاف)
ك+_مالية ابنة,كتاب مُعْجم النِّسَاء,(حرف الْكَاف)
ك+_مالية الصغرى,كتاب مُعْجم النِّسَاء,(حرف الْكَاف)
ك+_مالية أم,كتاب مُعْجم النِّسَاء,(حرف الْكَاف)
كوكب الحبشية,كتاب مُعْجم النِّسَاء,(حرف الْكَاف)
لطيفة ابنة,كتاب مُعْجم النِّسَاء,(حرف اللَّام)
لمياء ابنة,كتاب مُعْجم النِّسَاء,(حرف اللَّام)
ليلى ابنة,كتاب مُعْجم النِّسَاء,(حرف اللَّام)
مباركة ابنة,كتاب مُعْجم النِّسَاء,(حرف الْمِيم)
مجيبة ابنة,كتاب مُعْجم النِّسَاء,(حرف الْمِيم)
مرحبا ابنة,كتاب مُعْجم النِّسَاء,(حرف الْمِيم)
مريم ابنة,كتاب مُعْجم النِّسَاء,(حرف الْمِيم)
مريم و+_تدعى,كتاب مُعْجم النِّسَاء,(حرف الْمِيم)
مصباح ابنة,كتاب مُعْجم النِّسَاء,(حرف الْمِيم)
مغل ابنة,كتاب مُعْجم النِّسَاء,(حرف الْمِيم)
مكية ابنة,كتاب مُعْجم النِّسَاء,(حرف الْمِيم)
ملاح مستولدة,كتاب مُعْجم النِّسَاء,(حرف الْمِيم)
ملكباى الNOAN,كتاب مُعْجم النِّسَاء,(حرف الْمِيم)
ملكة ابنة,كتاب مُعْجم النِّسَاء,(حرف الْمِيم)
منصورة ابنة,كتاب مُعْجم النِّسَاء,(حرف الْمِيم)
مهجا ابنة,كتاب مُعْجم النِّسَاء,(حرف الْمِيم)
موزة ابنة,كتاب مُعْجم النِّسَاء,(حرف الْمِيم)
مؤنسة خاتون,كتاب مُعْجم النِّسَاء,(حرف الْمِيم)
مي ابنة,كتاب مُعْجم النِّسَاء,(حرف الْمِيم)
نافشة ابنة,كتاب مُعْجم النِّسَاء,(حرف النُّون)
نجله والدة,كتاب مُعْجم النِّسَاء,(حرف النُّون)
نسيم و+_تكني,كتاب مُعْجم النِّسَاء,(حرف النُّون)
نسيم الحبشية,كتاب مُعْجم النِّسَاء,(حرف النُّون)
نشوان و+_تسمي,كتاب مُعْجم النِّسَاء,(حرف النُّون)
نصيره ابنة,كتاب مُعْجم النِّسَاء,(حرف النُّون)
نعمة ابنة,كتاب مُعْجم النِّسَاء,(حرف النُّون)
نعيمة ابنة,كتاب مُعْجم النِّسَاء,(حرف النُّون)
نفيسة ابنة,كتاب مُعْجم النِّسَاء,(حرف النُّون)
نور الصباح,كتاب مُعْجم النِّسَاء,(حرف النُّون)
هاجر ابنة,كتاب مُعْجم النِّسَاء,(حرف الْهَاء)
هاجر و+_تسمي,كتاب مُعْجم النِّسَاء,(حرف الْهَاء)
هدية ابنة,كتاب مُعْجم النِّسَاء,(حرف الْهَاء)
هدية ب+_ضم,كتاب مُعْجم النِّسَاء,(حرف الْهَاء)
هنده و+_تدعى,كتاب مُعْجم النِّسَاء,(حرف الْهَاء)
وردشاه العلمية,كتاب مُعْجم النِّسَاء,(حرف الْوَاو)
وزراء ابنة,كتاب مُعْجم النِّسَاء,(حرف الْوَاو)
وزيرة ابنة,كتاب مُعْجم النِّسَاء,(حرف الْوَاو)
يهب الله,كتاب مُعْجم النِّسَاء,(حرف الْيَاء الْأَخِيرَة)
,(كتاب الكنى من النِّسَاء),(حرف الْيَاء الْأَخِيرَة)
أم أبيها,(كتاب الكنى من النِّسَاء),(حرف الْهمزَة)
أم أبي,(كتاب الكنى من النِّسَاء),(حرف الْهمزَة)
أم أحمد,(كتاب الكنى من النِّسَاء),(حرف الْهمزَة)
أم الأمان,(كتاب الكنى من النِّسَاء),(حرف الْهمزَة)
أم البنين,(كتاب الكنى من النِّسَاء),(حرف الْبَاء الْمُوَحدَة)
أم تاج,(كتاب الكنى من النِّسَاء),(حرف التَّاء الْمُثَنَّاة)
أم الجمالي,(كتاب الكنى من النِّسَاء),(حرف الْجِيم)
أم حبيبة,(كتاب الكنى من النِّسَاء),(حرف الْحَاء الْمُهْملَة)
أم الحسان,(كتاب الكنى من النِّسَاء),(حرف الْحَاء الْمُهْملَة)
أم الحسن,(كتاب الكنى من النِّسَاء),(حرف الْحَاء الْمُهْملَة)
أم الحسين,(كتاب الكنى من النِّسَاء),(حرف الْحَاء الْمُهْملَة)
أم الخير,(كتاب الكنى من النِّسَاء),(حرف الْخَاء)
أم دلال,(كتاب الكنى من النِّسَاء),(حرف الدَّال)
أم راجح,(كتاب الكنى من النِّسَاء),(حرف الرَّاء الْمُهْملَة)
أم ريم,(كتاب الكنى من النِّسَاء),(حرف الرَّاء الْمُهْملَة)
أم زين,(كتاب الكنى من النِّسَاء),(حريف الزَّاي)
أم السعد,(كتاب الكنى من النِّسَاء),(حرف السِّين الْمُهْملَة)
أم السعود,(كتاب الكنى من النِّسَاء),(حرف السِّين الْمُهْملَة)
أم سلمه,(كتاب الكنى من النِّسَاء),(حرف السِّين الْمُهْملَة)
أم سليمان,(كتاب الكنى من النِّسَاء),(حرف السِّين الْمُهْملَة)
أم شهاب,(كتاب الكنى من النِّسَاء),(حرف الشين الْمُعْجَمَة)
أم صالح,(كتاب الكنى من النِّسَاء),(حرف الصَّاد الْمُهْملَة)
أم عبد,(كتاب الكنى من النِّسَاء),(حرف الْعين الْمُهْملَة)
أم عرفه,(كتاب الكنى من النِّسَاء),(حرف الْعين الْمُهْملَة)
أم الغيث,(كتاب الكنى من النِّسَاء),(حرف الْغَيْن الْمُعْجَمَة)
أم الفضل,(كتاب الكنى من النِّسَاء),(حرف الْفَاء)
أم القسم,(كتاب الكنى من النِّسَاء),(حرف الْقَاف)
أم الكامل,(كتاب الكنى من النِّسَاء),(حرف الْكَاف)
أم الكرام,(كتاب الكنى من النِّسَاء),(حرف الْكَاف)
أم كلثوم,(كتاب الكنى من النِّسَاء),(حرف الْكَاف)
أم كمال,(كتاب الكنى من النِّسَاء),(حرف الْكَاف)
أم محمد,(كتاب الكنى من النِّسَاء),(حرف الْمِيم)
أم المسعود,(كتاب الكنى من النِّسَاء),(حرف الْمِيم)
أم مصلح,(كتاب الكنى من النِّسَاء),(حرف الْمِيم)
أم الملوك,(كتاب الكنى من النِّسَاء),(حرف الْمِيم)
أم نجم,(كتاب الكنى من النِّسَاء),(حرف النُّون)
أم هانئ,(كتاب الكنى من النِّسَاء),(حرف الْهَاء)
أمن هانئ,(كتاب الكنى من النِّسَاء),(حرف الْهَاء)
أم الهدي,(كتاب الكنى من النِّسَاء),(حرف الْهَاء)
أم ألوفا,(كتاب الكنى من النِّسَاء),(حرف الْوَاو)
أم يحيى,(كتاب الكنى من النِّسَاء),(حرف الْيَاء الْأَخِيرَة)
ابنة أبرك,(كتاب الكنى من النِّسَاء),المبهمات
ابنة المؤيد,(كتاب الكنى من النِّسَاء),المبهمات
ابنة أخرى,(كتاب الكنى من النِّسَاء),المبهمات
ابنة أحمد,(كتاب الكنى من النِّسَاء),المبهمات
ابنة إسماعيل,(كتاب الكنى من النِّسَاء),المبهمات
ابنة ل+_أمير,(كتاب الكنى من النِّسَاء),المبهمات
ابنة للزيني,(كتاب الكنى من النِّسَاء),المبهمات
ابنة ل+_الخطيب,(كتاب الكنى من النِّسَاء),المبهمات
ابنة تريكي,(كتاب الكنى من النِّسَاء),المبهمات
ابنة ل+_التقى,(كتاب الكنى من النِّسَاء),المبهمات
ابنة ل+_ظاهر,(كتاب الكنى من النِّسَاء),المبهمات
ابنة حسين,(كتاب الكنى من النِّسَاء),المبهمات
ابنة سليمان,(كتاب الكنى من النِّسَاء),المبهمات
ابنة سيدي,(كتاب الكنى من النِّسَاء),المبهمات
ابنة شميلة,(كتاب الكنى من النِّسَاء),المبهمات
ابنة الشهاب,(كتاب الكنى من النِّسَاء),المبهمات
ابنة ل+_المؤيد,(كتاب الكنى من النِّسَاء),المبهمات
ابنة ل+_العز,(كتاب الكنى من النِّسَاء),المبهمات
ابنة عبد,(كتاب الكنى من النِّسَاء),المبهمات
ابنة العريس,(كتاب الكنى من النِّسَاء),المبهمات
ابنة عطية,(كتاب الكنى من النِّسَاء),المبهمات
ابنة عنان,(كتاب الكنى من النِّسَاء),المبهمات
ابنة الناصر,(كتاب الكنى من النِّسَاء),المبهمات
ابنة قرقماس,(كتاب الكنى من النِّسَاء),المبهمات
ابنة محفوظ,(كتاب الكنى من النِّسَاء),المبهمات
ابنة الشيخ,(كتاب الكنى من النِّسَاء),المبهمات
ابنة القاضي,(كتاب الكنى من النِّسَاء),المبهمات
ابنة الشمس,(كتاب الكنى من النِّسَاء),المبهمات
ابنة ناصر,(كتاب الكنى من النِّسَاء),المبهمات
ابنة أبي,(كتاب الكنى من النِّسَاء),المبهمات
ابنة ل+_الخليفة,(كتاب الكنى من النِّسَاء),المبهمات
ابنة أخت,(كتاب الكنى من النِّسَاء),المبهمات
ابنة خاله,(كتاب الكنى من النِّسَاء),المبهمات
أخت ل+_أمير,(كتاب الكنى من النِّسَاء),المبهمات
أخت ل+_الأشرف,(كتاب الكنى من النِّسَاء),المبهمات
أم أبي,(كتاب الكنى من النِّسَاء),المبهمات
أم الصلاح,(كتاب الكنى من النِّسَاء),المبهمات
أم عبد,(كتاب الكنى من النِّسَاء),المبهمات
والدة أحمد,(كتاب الكنى من النِّسَاء),المبهمات
والدة الخواجا,(كتاب الكنى من النِّسَاء),المبهمات
والدة برهان,(كتاب الكنى من النِّسَاء),المبهمات
والدة زين,(كتاب الكنى من النِّسَاء),المبهمات
والده عمر,(كتاب الكنى من النِّسَاء),المبهمات
والدة القاضي,(كتاب الكنى من النِّسَاء),المبهمات
جدة الزيني,(كتاب الكنى من النِّسَاء),المبهمات
زوجة الجمال,(كتاب الكنى من النِّسَاء),المبهمات
زوجة ازدمر,(كتاب الكنى من النِّسَاء),المبهمات
زوجة الأشرف,(كتاب الكنى من النِّسَاء),المبهمات
زوجة إسماعيل,(كتاب الكنى من النِّسَاء),المبهمات
زوجة الأمير,(كتاب الكنى من النِّسَاء),المبهمات
زوجة الجلال,(كتاب الكنى من النِّسَاء),المبهمات
زوجة الشمس,(كتاب الكنى من النِّسَاء),المبهمات
زوجة عبد,(كتاب الكنى من النِّسَاء),المبهمات
زوجة علان,(كتاب الكنى من النِّسَاء),المبهمات
زوجة على,(كتاب الكنى من النِّسَاء),المبهمات
زوجة فخر,(كتاب الكنى من النِّسَاء),المبهمات
زوجة قانباي,(كتاب الكنى من النِّسَاء),المبهمات
زوجة البدر,(كتاب الكنى من النِّسَاء),المبهمات
زوجة محمد,(كتاب الكنى من النِّسَاء),المبهمات
مستولدة حبشية,(كتاب الكنى من النِّسَاء),المبهمات
مستولدة ل+_الحنبلي,(كتاب الكنى من النِّسَاء),المبهمات
مستولدة يحيى,(كتاب الكنى من النِّسَاء),المبهمات
مستولدة الفخري,(كتاب الكنى من النِّسَاء),المبهمات
